2026-08-14 10:08:25,442 | INFO | comtypes.client._code_cache | Could not import comtypes.gen, trying to create it.
2026-08-14 10:08:25,444 | INFO | comtypes.client._code_cache | Created comtypes.gen directory: 'C:\Users\DELL\OneDrive\Desktop\offline_voice_assistant\.venv\lib\site-packages\comtypes\gen'
2026-08-14 10:08:25,444 | INFO | comtypes.client._code_cache | Writing __init__.py file: 'C:\Users\DELL\OneDrive\Desktop\offline_voice_assistant\.venv\lib\site-packages\comtypes\gen\__init__.py'
2026-08-14 10:08:25,463 | INFO | comtypes.client._code_cache | Using writeable comtypes cache directory: 'C:\Users\DELL\OneDrive\Desktop\offline_voice_assistant\.venv\lib\site-packages\comtypes\gen'
2026-08-14 10:08:25,502 | INFO | comtypes.client._generate | Could not import comtypes.gen._C866CA3A_32F7_11D2_9602_00C04F8EE628_0_5_4: No module named 'comtypes.gen._C866CA3A_32F7_11D2_9602_00C04F8EE628_0_5_4'
2026-08-14 10:08:25,511 | INFO | comtypes.client._generate | # Generating comtypes.gen._C866CA3A_32F7_11D2_9602_00C04F8EE628_0_5_4
2026-08-14 10:08:25,614 | INFO | comtypes.client._generate | # Generating comtypes.gen.SpeechLib
2026-08-14 10:08:25,621 | INFO | comtypes.client._generate | Could not import comtypes.gen._00020430_0000_0000_C000_000000000046_0_2_0: No module named 'comtypes.gen._00020430_0000_0000_C000_000000000046_0_2_0'
2026-08-14 10:08:25,621 | INFO | comtypes.client._generate | # Generating comtypes.gen._00020430_0000_0000_C000_000000000046_0_2_0
2026-08-14 10:08:25,627 | INFO | comtypes.client._generate | # Generating comtypes.gen.stdole
2026-08-14 10:08:26,814 | INFO | tts | Selected TTS voice: Microsoft Hazel Desktop - English (Great Britain)
2026-08-14 10:08:27,567 | INFO | tts | Speaking: Assistant ready.
2026-08-14 10:08:30,198 | INFO | speech | Microphone stream started.
2026-08-14 10:08:35,785 | INFO | assistant | Recognized speech: right
2026-08-14 10:08:59,750 | INFO | assistant | Recognized speech: right click
2026-08-14 10:08:59,750 | INFO | mouse | Right click
2026-08-14 10:09:04,770 | INFO | assistant | Recognized speech: better
2026-08-14 10:09:07,262 | INFO | assistant | Recognized speech: stop
2026-08-14 10:09:07,262 | INFO | tts | Speaking: Stopping assistant.
2026-08-14 10:09:07,749 | INFO | speech | Microphone stream closed.
2026-08-14 10:09:07,749 | INFO | speech | Microphone stream closed.
2026-08-14 10:09:07,749 | INFO | assistant | Assistant stopped.
2026-08-14 10:14:45,371 | INFO | comtypes.client._code_cache | Imported existing <module 'comtypes.gen' from 'C:\\Users\\DELL\\OneDrive\\Desktop\\offline_voice_assistant\\.venv\\lib\\site-packages\\comtypes\\gen\\__init__.py'>
2026-08-14 10:14:45,372 | INFO | comtypes.client._code_cache | Using writeable comtypes cache directory: 'C:\Users\DELL\OneDrive\Desktop\offline_voice_assistant\.venv\lib\site-packages\comtypes\gen'
2026-08-14 10:14:45,606 | INFO | tts | Selected TTS voice: Microsoft Hazel Desktop - English (Great Britain)
2026-08-14 10:14:46,287 | INFO | tts | Speaking: Assistant ready.
2026-08-14 10:14:48,860 | INFO | speech | Microphone stream started.
2026-08-14 10:14:54,940 | INFO | assistant | Recognized speech: right
2026-08-14 10:14:54,941 | INFO | mouse | Moving mouse dx=12 dy=0
2026-08-14 10:14:58,407 | INFO | assistant | Recognized speech: right
2026-08-14 10:14:58,408 | INFO | mouse | Moving mouse dx=12 dy=0
2026-08-14 10:15:04,399 | INFO | assistant | Recognized speech: down
2026-08-14 10:15:04,399 | INFO | mouse | Moving mouse dx=0 dy=12
2026-08-14 10:15:09,907 | INFO | assistant | Recognized speech: down
2026-08-14 10:15:09,909 | INFO | mouse | Moving mouse dx=0 dy=12
2026-08-14 10:15:25,408 | INFO | assistant | Recognized speech: down
2026-08-14 10:15:25,409 | INFO | mouse | Moving mouse dx=0 dy=12
2026-08-14 10:15:35,398 | INFO | assistant | Recognized speech: right
2026-08-14 10:15:35,398 | INFO | mouse | Moving mouse dx=12 dy=0
2026-08-14 10:15:42,909 | INFO | assistant | Recognized speech: right click
2026-08-14 10:15:42,909 | INFO | mouse | Right click
2026-08-14 10:16:04,429 | INFO | speech | Microphone stream closed.
2026-08-14 10:16:04,435 | INFO | speech | Microphone stream closed.
2026-08-14 10:16:04,435 | INFO | assistant | Assistant stopped.
2026-08-14 10:22:03,603 | INFO | comtypes.client._code_cache | Imported existing <module 'comtypes.gen' from 'C:\\Users\\DELL\\OneDrive\\Desktop\\offline_voice_assistant\\.venv\\lib\\site-packages\\comtypes\\gen\\__init__.py'>
2026-08-14 10:22:03,604 | INFO | comtypes.client._code_cache | Using writeable comtypes cache directory: 'C:\Users\DELL\OneDrive\Desktop\offline_voice_assistant\.venv\lib\site-packages\comtypes\gen'
2026-08-14 10:22:03,843 | INFO | tts | Selected TTS voice: Microsoft Hazel Desktop - English (Great Britain)
2026-08-14 10:22:04,410 | INFO | tts | Speaking: Assistant ready.
2026-08-14 10:22:06,982 | INFO | speech | Microphone stream started.
2026-08-14 10:22:21,514 | INFO | assistant | Recognized speech: scroll down
2026-08-14 10:22:21,514 | INFO | mouse | Scrolling amount=-3
2026-08-14 10:22:27,057 | INFO | assistant | Recognized speech: oh
2026-08-14 10:22:32,025 | INFO | assistant | Recognized speech: hm
2026-08-14 10:22:38,519 | INFO | assistant | Recognized speech: scroll down
2026-08-14 10:22:38,519 | INFO | mouse | Scrolling amount=-3
2026-08-14 10:22:43,089 | INFO | assistant | Recognized speech: school iran
2026-08-14 10:22:48,012 | INFO | assistant | Recognized speech: scroll down
2026-08-14 10:22:48,012 | INFO | mouse | Scrolling amount=-3
2026-08-14 10:22:55,518 | INFO | assistant | Recognized speech: his dog
2026-08-14 10:23:00,526 | INFO | assistant | Recognized speech: it's hot
2026-08-14 10:23:04,527 | INFO | speech | Microphone stream closed.
2026-08-14 10:23:04,528 | INFO | speech | Microphone stream closed.
2026-08-14 10:23:04,528 | INFO | assistant | Assistant stopped.
2026-08-14 10:25:28,805 | INFO | comtypes.client._code_cache | Imported existing <module 'comtypes.gen' from 'C:\\Users\\DELL\\OneDrive\\Desktop\\offline_voice_assistant\\.venv\\lib\\site-packages\\comtypes\\gen\\__init__.py'>
2026-08-14 10:25:28,806 | INFO | comtypes.client._code_cache | Using writeable comtypes cache directory: 'C:\Users\DELL\OneDrive\Desktop\offline_voice_assistant\.venv\lib\site-packages\comtypes\gen'
2026-08-14 10:25:29,151 | INFO | tts | Selected TTS voice: Microsoft Hazel Desktop - English (Great Britain)
2026-08-14 10:25:29,856 | INFO | tts | Speaking: Assistant ready.
2026-08-14 10:25:31,898 | INFO | speech | Microphone stream started.
2026-08-14 10:25:48,930 | INFO | assistant | Recognized speech: scroll down
2026-08-14 10:25:48,930 | INFO | mouse | Scrolling amount=-3
2026-08-14 10:26:04,438 | INFO | assistant | Recognized speech: down
2026-08-14 10:26:04,438 | INFO | mouse | Moving mouse dx=0 dy=12
2026-08-14 10:26:24,432 | INFO | assistant | Recognized speech: down
2026-08-14 10:26:24,432 | INFO | mouse | Moving mouse dx=0 dy=12
2026-08-14 10:26:42,946 | INFO | assistant | Recognized speech: roll down
2026-08-14 10:26:58,439 | INFO | assistant | Recognized speech: down
2026-08-14 10:26:58,440 | INFO | mouse | Moving mouse dx=0 dy=12
2026-08-14 10:27:03,442 | INFO | assistant | Recognized speech: rule
2026-08-14 10:27:18,449 | INFO | assistant | Recognized speech: cool down
2026-08-14 10:27:20,947 | INFO | speech | Microphone stream closed.
2026-08-14 10:27:20,948 | INFO | speech | Microphone stream closed.
2026-08-14 10:27:20,948 | INFO | assistant | Assistant stopped.
2026-08-14 10:50:46,293 | INFO | comtypes.client._code_cache | Imported existing <module 'comtypes.gen' from 'C:\\Users\\DELL\\OneDrive\\Desktop\\offline_voice_assistant\\.venv\\lib\\site-packages\\comtypes\\gen\\__init__.py'>
2026-08-14 10:50:46,294 | INFO | comtypes.client._code_cache | Using writeable comtypes cache directory: 'C:\Users\DELL\OneDrive\Desktop\offline_voice_assistant\.venv\lib\site-packages\comtypes\gen'
2026-08-14 10:50:46,532 | INFO | tts | Selected TTS voice: Microsoft Hazel Desktop - English (Great Britain)
2026-08-14 10:50:47,532 | INFO | httpx | HTTP Request: GET https://huggingface.co/api/models/Systran/faster-whisper-base.en/revision/main "HTTP/1.1 200 OK"
2026-08-14 10:50:50,418 | INFO | faster_whisper | Processing audio with duration 00:00.880
2026-08-14 10:50:50,653 | INFO | faster_whisper | VAD filter removed 00:00.880 of audio
2026-08-14 10:50:56,277 | INFO | faster_whisper | Processing audio with duration 00:01.760
2026-08-14 10:50:56,280 | INFO | faster_whisper | VAD filter removed 00:00.000 of audio
2026-08-14 10:50:57,482 | INFO | assistant | Recognized speech: and move up.
2026-08-14 10:50:57,484 | INFO | mouse | Moving mouse dx=0 dy=-12
2026-08-14 10:51:01,474 | INFO | faster_whisper | Processing audio with duration 00:01.360
2026-08-14 10:51:01,476 | INFO | faster_whisper | VAD filter removed 00:00.000 of audio
2026-08-14 10:51:02,805 | INFO | assistant | Recognized speech: right
2026-08-14 10:51:02,805 | INFO | mouse | Moving mouse dx=12 dy=0
2026-08-14 10:51:05,650 | INFO | faster_whisper | Processing audio with duration 00:01.440
2026-08-14 10:51:05,655 | INFO | faster_whisper | VAD filter removed 00:00.000 of audio
2026-08-14 10:51:06,585 | INFO | assistant | Recognized speech: down
2026-08-14 10:51:06,585 | INFO | mouse | Moving mouse dx=0 dy=12
2026-08-14 10:51:09,088 | INFO | faster_whisper | Processing audio with duration 00:01.680
2026-08-14 10:51:09,092 | INFO | faster_whisper | VAD filter removed 00:00.000 of audio
2026-08-14 10:51:09,987 | INFO | assistant | Recognized speech: just roll up.
2026-08-14 10:51:12,607 | INFO | faster_whisper | Processing audio with duration 00:01.680
2026-08-14 10:51:12,611 | INFO | faster_whisper | VAD filter removed 00:00.000 of audio
2026-08-14 10:51:13,571 | INFO | assistant | Recognized speech: just roll up.
2026-08-14 10:51:17,303 | INFO | faster_whisper | Processing audio with duration 00:01.440
2026-08-14 10:51:17,306 | INFO | faster_whisper | VAD filter removed 00:00.000 of audio
2026-08-14 10:51:18,404 | INFO | assistant | Recognized speech: the screw up.
2026-08-14 10:51:22,288 | INFO | faster_whisper | Processing audio with duration 00:01.680
2026-08-14 10:51:22,291 | INFO | faster_whisper | VAD filter removed 00:00.000 of audio
2026-08-14 10:51:23,219 | INFO | assistant | Recognized speech: it's rolled up.
2026-08-14 10:51:26,681 | INFO | faster_whisper | Processing audio with duration 00:01.920
2026-08-14 10:51:26,685 | INFO | faster_whisper | VAD filter removed 00:00.000 of audio
2026-08-14 10:51:27,624 | INFO | assistant | Recognized speech: basically move it down.
2026-08-14 10:51:27,624 | INFO | mouse | Moving mouse dx=0 dy=12
2026-08-14 10:51:28,597 | INFO | faster_whisper | Processing audio with duration 00:01.280
2026-08-14 10:51:28,602 | INFO | faster_whisper | VAD filter removed 00:01.280 of audio
2026-08-14 10:51:35,069 | INFO | faster_whisper | Processing audio with duration 00:01.920
2026-08-14 10:51:35,072 | INFO | faster_whisper | VAD filter removed 00:00.000 of audio
2026-08-14 10:51:36,077 | INFO | assistant | Recognized speech: just cool it down.
2026-08-14 10:51:39,086 | INFO | faster_whisper | Processing audio with duration 00:01.920
2026-08-14 10:51:39,089 | INFO | faster_whisper | VAD filter removed 00:00.000 of audio
2026-08-14 10:51:40,317 | INFO | assistant | Recognized speech: just cool it down.
2026-08-14 10:51:42,775 | INFO | faster_whisper | Processing audio with duration 00:01.440
2026-08-14 10:51:42,778 | INFO | faster_whisper | VAD filter removed 00:00.000 of audio
2026-08-14 10:51:44,054 | INFO | assistant | Recognized speech: we're down
2026-08-14 10:51:46,115 | INFO | faster_whisper | Processing audio with duration 00:01.120
2026-08-14 10:51:46,117 | INFO | faster_whisper | VAD filter removed 00:00.000 of audio
2026-08-14 10:51:47,475 | INFO | assistant | Recognized speech: oh.
2026-08-14 10:51:50,040 | INFO | faster_whisper | Processing audio with duration 00:01.200
2026-08-14 10:51:50,043 | INFO | faster_whisper | VAD filter removed 00:00.000 of audio
2026-08-14 10:51:51,173 | INFO | assistant | Recognized speech: i
2026-08-14 10:51:53,075 | INFO | faster_whisper | Processing audio with duration 00:01.360
2026-08-14 10:51:53,079 | INFO | faster_whisper | VAD filter removed 00:00.000 of audio
2026-08-14 10:51:54,501 | INFO | assistant | Recognized speech: all right
2026-08-14 10:52:02,517 | INFO | faster_whisper | Processing audio with duration 00:01.200
2026-08-14 10:52:02,519 | INFO | faster_whisper | VAD filter removed 00:00.000 of audio
2026-08-14 10:52:03,326 | INFO | assistant | Recognized speech: right.
2026-08-14 10:52:11,555 | INFO | faster_whisper | Processing audio with duration 00:01.360
2026-08-14 10:52:11,558 | INFO | faster_whisper | VAD filter removed 00:00.000 of audio
2026-08-14 10:52:12,340 | INFO | assistant | Recognized speech: right
2026-08-14 10:52:12,340 | INFO | mouse | Moving mouse dx=12 dy=0
2026-08-14 10:52:20,991 | INFO | faster_whisper | Processing audio with duration 00:02.080
2026-08-14 10:52:20,995 | INFO | faster_whisper | VAD filter removed 00:00.000 of audio
2026-08-14 10:52:21,858 | INFO | assistant | Recognized speech: move to center
2026-08-14 10:52:21,859 | INFO | mouse | Moving mouse to primary-screen center: 960,540
2026-08-14 10:52:27,716 | INFO | faster_whisper | Processing audio with duration 00:02.160
2026-08-14 10:52:27,721 | INFO | faster_whisper | VAD filter removed 00:00.000 of audio
2026-08-14 10:52:28,683 | INFO | assistant | Recognized speech: and nose to carbonate.
2026-08-14 10:52:37,324 | INFO | faster_whisper | Processing audio with duration 00:02.560
2026-08-14 10:52:37,328 | INFO | faster_whisper | VAD filter removed 00:00.000 of audio
2026-08-14 10:52:38,150 | INFO | assistant | Recognized speech: stop voice assistant
2026-08-14 10:52:48,210 | INFO | faster_whisper | Processing audio with duration 00:02.240
2026-08-14 10:52:48,213 | INFO | faster_whisper | VAD filter removed 00:00.000 of audio
2026-08-14 10:52:49,039 | INFO | assistant | Recognized speech: install assistant
2026-08-14 10:52:54,443 | INFO | faster_whisper | Processing audio with duration 00:02.320
2026-08-14 10:52:54,447 | INFO | faster_whisper | VAD filter removed 00:00.000 of audio
2026-08-14 10:52:55,269 | INFO | assistant | Recognized speech: stop assistant
2026-08-14 10:52:55,269 | INFO | tts | Speaking: Stopping assistant.
2026-08-14 10:52:57,626 | INFO | assistant | Assistant stopped.
2026-08-14 10:55:01,737 | INFO | comtypes.client._code_cache | Imported existing <module 'comtypes.gen' from 'C:\\Users\\DELL\\OneDrive\\Desktop\\offline_voice_assistant\\.venv\\lib\\site-packages\\comtypes\\gen\\__init__.py'>
2026-08-14 10:55:01,737 | INFO | comtypes.client._code_cache | Using writeable comtypes cache directory: 'C:\Users\DELL\OneDrive\Desktop\offline_voice_assistant\.venv\lib\site-packages\comtypes\gen'
2026-08-14 10:55:01,861 | INFO | tts | Selected TTS voice: Microsoft Hazel Desktop - English (Great Britain)
2026-08-14 10:55:02,802 | INFO | httpx | HTTP Request: GET https://huggingface.co/api/models/Systran/faster-whisper-base.en/revision/main "HTTP/1.1 200 OK"
2026-08-14 10:55:32,028 | INFO | assistant | Assistant stopped.
2026-08-14 10:55:39,340 | INFO | comtypes.client._code_cache | Imported existing <module 'comtypes.gen' from 'C:\\Users\\DELL\\OneDrive\\Desktop\\offline_voice_assistant\\.venv\\lib\\site-packages\\comtypes\\gen\\__init__.py'>
2026-08-14 10:55:39,340 | INFO | comtypes.client._code_cache | Using writeable comtypes cache directory: 'C:\Users\DELL\OneDrive\Desktop\offline_voice_assistant\.venv\lib\site-packages\comtypes\gen'
2026-08-14 10:55:39,446 | INFO | tts | Selected TTS voice: Microsoft Hazel Desktop - English (Great Britain)
2026-08-14 10:55:40,395 | INFO | httpx | HTTP Request: GET https://huggingface.co/api/models/Systran/faster-whisper-base.en/revision/main "HTTP/1.1 200 OK"
2026-08-14 10:55:51,905 | INFO | faster_whisper | Processing audio with duration 00:01.120
2026-08-14 10:55:52,064 | INFO | faster_whisper | VAD filter removed 00:00.000 of audio
2026-08-14 10:55:54,479 | INFO | assistant | Recognized speech: okay. okay. okay. okay. okay. okay. okay. okay. okay. okay. okay. okay. okay. okay. okay. okay. okay. okay. okay. okay. okay. okay. okay. okay. okay. okay.
2026-08-14 10:55:57,695 | INFO | faster_whisper | Processing audio with duration 00:01.360
2026-08-14 10:55:57,698 | INFO | faster_whisper | VAD filter removed 00:00.048 of audio
2026-08-14 10:56:00,270 | INFO | assistant | Recognized speech: okay. all right. all right. all right. all right. all right. all right. all right. all right. all right. all right. all right. all right. all right. all right. all right. all right. all right. all right. all right. all right. all right. all right. all right. all right.
2026-08-14 10:56:00,618 | INFO | faster_whisper | Processing audio with duration 00:01.600
2026-08-14 10:56:00,621 | INFO | faster_whisper | VAD filter removed 00:00.336 of audio
2026-08-14 10:56:01,492 | INFO | assistant | Recognized speech: move up.
2026-08-14 10:56:01,493 | INFO | mouse | Moving mouse dx=0 dy=-12
2026-08-14 10:56:04,326 | INFO | faster_whisper | Processing audio with duration 00:01.040
2026-08-14 10:56:04,329 | INFO | faster_whisper | VAD filter removed 00:01.040 of audio
2026-08-14 10:56:10,183 | INFO | faster_whisper | Processing audio with duration 00:01.040
2026-08-14 10:56:10,187 | INFO | faster_whisper | VAD filter removed 00:00.000 of audio
2026-08-14 10:56:10,976 | INFO | assistant | Recognized speech: down.
2026-08-14 10:56:16,404 | INFO | faster_whisper | Processing audio with duration 00:01.040
2026-08-14 10:56:16,407 | INFO | faster_whisper | VAD filter removed 00:01.040 of audio
2026-08-14 10:56:25,349 | INFO | faster_whisper | Processing audio with duration 00:01.040
2026-08-14 10:56:25,351 | INFO | faster_whisper | VAD filter removed 00:00.000 of audio
2026-08-14 10:56:28,010 | INFO | assistant | Recognized speech: okay. all right. all right. all right. all right. all right. all right. all right. all right. all right. all right. all right. all right. all right. all right. all right. all right. all right. all right. all right. all right. all right. all right. all right. all right.
2026-08-14 10:56:31,980 | INFO | assistant | Assistant stopped.
2026-08-14 10:57:39,870 | INFO | comtypes.client._code_cache | Imported existing <module 'comtypes.gen' from 'C:\\Users\\DELL\\OneDrive\\Desktop\\offline_voice_assistant\\.venv\\lib\\site-packages\\comtypes\\gen\\__init__.py'>
2026-08-14 10:57:39,871 | INFO | comtypes.client._code_cache | Using writeable comtypes cache directory: 'C:\Users\DELL\OneDrive\Desktop\offline_voice_assistant\.venv\lib\site-packages\comtypes\gen'
2026-08-14 10:57:39,985 | INFO | tts | Selected TTS voice: Microsoft Hazel Desktop - English (Great Britain)
2026-08-14 10:57:41,013 | INFO | httpx | HTTP Request: GET https://huggingface.co/api/models/Systran/faster-whisper-base.en/revision/main "HTTP/1.1 200 OK"
2026-08-14 10:58:01,547 | INFO | faster_whisper | Processing audio with duration 00:01.120
2026-08-14 10:58:01,668 | INFO | faster_whisper | VAD filter removed 00:01.120 of audio
2026-08-14 10:58:05,952 | INFO | faster_whisper | Processing audio with duration 00:03.760
2026-08-14 10:58:05,957 | INFO | faster_whisper | VAD filter removed 00:03.760 of audio
2026-08-14 10:58:07,547 | INFO | faster_whisper | Processing audio with duration 00:01.600
2026-08-14 10:58:07,550 | INFO | faster_whisper | VAD filter removed 00:00.000 of audio
2026-08-14 10:58:08,408 | INFO | assistant | Recognized speech: i hope so.
2026-08-14 10:58:09,873 | INFO | faster_whisper | Processing audio with duration 00:01.440
2026-08-14 10:58:09,876 | INFO | faster_whisper | VAD filter removed 00:01.440 of audio
2026-08-14 10:58:11,070 | INFO | faster_whisper | Processing audio with duration 00:01.200
2026-08-14 10:58:11,073 | INFO | faster_whisper | VAD filter removed 00:00.000 of audio
2026-08-14 10:58:11,926 | INFO | assistant | Recognized speech: up.
2026-08-14 10:58:12,270 | INFO | faster_whisper | Processing audio with duration 00:01.200
2026-08-14 10:58:12,272 | INFO | faster_whisper | VAD filter removed 00:01.200 of audio
2026-08-14 10:58:20,987 | INFO | faster_whisper | Processing audio with duration 00:01.440
2026-08-14 10:58:20,989 | INFO | faster_whisper | VAD filter removed 00:00.000 of audio
2026-08-14 10:58:21,807 | INFO | assistant | Recognized speech: down
2026-08-14 10:58:21,807 | INFO | mouse | Moving mouse dx=0 dy=12
2026-08-14 10:58:22,184 | INFO | faster_whisper | Processing audio with duration 00:01.200
2026-08-14 10:58:22,186 | INFO | faster_whisper | VAD filter removed 00:01.200 of audio
2026-08-14 10:58:24,586 | INFO | faster_whisper | Processing audio with duration 00:01.280
2026-08-14 10:58:24,589 | INFO | faster_whisper | VAD filter removed 00:00.000 of audio
2026-08-14 10:58:25,439 | INFO | assistant | Recognized speech: i'll do it again.
2026-08-14 10:58:28,417 | INFO | faster_whisper | Processing audio with duration 00:01.280
2026-08-14 10:58:28,419 | INFO | faster_whisper | VAD filter removed 00:00.000 of audio
2026-08-14 10:58:29,327 | INFO | assistant | Recognized speech: atuna.
2026-08-14 10:58:32,331 | INFO | assistant | Assistant stopped.
2026-08-14 10:58:48,445 | INFO | comtypes.client._code_cache | Imported existing <module 'comtypes.gen' from 'C:\\Users\\DELL\\OneDrive\\Desktop\\offline_voice_assistant\\.venv\\lib\\site-packages\\comtypes\\gen\\__init__.py'>
2026-08-14 10:58:48,446 | INFO | comtypes.client._code_cache | Using writeable comtypes cache directory: 'C:\Users\DELL\OneDrive\Desktop\offline_voice_assistant\.venv\lib\site-packages\comtypes\gen'
2026-08-14 10:58:48,572 | INFO | tts | Selected TTS voice: Microsoft Hazel Desktop - English (Great Britain)
2026-08-14 10:58:49,522 | INFO | httpx | HTTP Request: GET https://huggingface.co/api/models/Systran/faster-whisper-base.en/revision/main "HTTP/1.1 200 OK"
2026-08-14 10:59:50,248 | INFO | faster_whisper | Processing audio with duration 00:01.280
2026-08-14 10:59:50,291 | INFO | faster_whisper | VAD filter removed 00:00.000 of audio
2026-08-14 10:59:51,128 | INFO | assistant | Recognized speech: hello
2026-08-14 10:59:54,719 | INFO | faster_whisper | Processing audio with duration 00:01.040
2026-08-14 10:59:54,721 | INFO | faster_whisper | VAD filter removed 00:00.000 of audio
2026-08-14 10:59:55,560 | INFO | assistant | Recognized speech: i'll slip.
2026-08-14 10:59:57,682 | INFO | faster_whisper | Processing audio with duration 00:01.040
2026-08-14 10:59:57,684 | INFO | faster_whisper | VAD filter removed 00:00.000 of audio
2026-08-14 10:59:58,567 | INFO | assistant | Recognized speech: i'll do it.
2026-08-14 11:00:02,096 | INFO | faster_whisper | Processing audio with duration 00:01.280
2026-08-14 11:00:02,100 | INFO | faster_whisper | VAD filter removed 00:00.000 of audio
2026-08-14 11:00:02,921 | INFO | assistant | Recognized speech: down
2026-08-14 11:00:02,921 | INFO | mouse | Moving mouse dx=0 dy=12
2026-08-14 11:00:05,360 | INFO | faster_whisper | Processing audio with duration 00:01.360
2026-08-14 11:00:05,363 | INFO | faster_whisper | VAD filter removed 00:00.000 of audio
2026-08-14 11:00:06,182 | INFO | assistant | Recognized speech: but
2026-08-14 11:00:08,505 | INFO | faster_whisper | Processing audio with duration 00:01.360
2026-08-14 11:00:08,509 | INFO | faster_whisper | VAD filter removed 00:00.000 of audio
2026-08-14 11:00:09,340 | INFO | assistant | Recognized speech: but
2026-08-14 11:00:12,193 | INFO | faster_whisper | Processing audio with duration 00:01.440
2026-08-14 11:00:12,195 | INFO | faster_whisper | VAD filter removed 00:00.000 of audio
2026-08-14 11:00:13,017 | INFO | assistant | Recognized speech: and new team.
2026-08-14 11:00:17,847 | INFO | faster_whisper | Processing audio with duration 00:01.360
2026-08-14 11:00:17,851 | INFO | faster_whisper | VAD filter removed 00:00.000 of audio
2026-08-14 11:00:18,672 | INFO | assistant | Recognized speech: bye!
2026-08-14 11:00:26,729 | INFO | faster_whisper | Processing audio with duration 00:01.520
2026-08-14 11:00:26,731 | INFO | faster_whisper | VAD filter removed 00:00.000 of audio
2026-08-14 11:00:27,589 | INFO | assistant | Recognized speech: kyakaregou.
2026-08-14 11:00:33,520 | INFO | assistant | Assistant stopped.
2026-08-14 11:01:08,202 | INFO | comtypes.client._code_cache | Imported existing <module 'comtypes.gen' from 'C:\\Users\\DELL\\OneDrive\\Desktop\\offline_voice_assistant\\.venv\\lib\\site-packages\\comtypes\\gen\\__init__.py'>
2026-08-14 11:01:08,202 | INFO | comtypes.client._code_cache | Using writeable comtypes cache directory: 'C:\Users\DELL\OneDrive\Desktop\offline_voice_assistant\.venv\lib\site-packages\comtypes\gen'
2026-08-14 11:01:08,297 | INFO | tts | Selected TTS voice: Microsoft Hazel Desktop - English (Great Britain)
2026-08-14 11:01:09,196 | INFO | httpx | HTTP Request: GET https://huggingface.co/api/models/Systran/faster-whisper-base.en/revision/main "HTTP/1.1 200 OK"
2026-08-14 11:01:16,796 | INFO | faster_whisper | Processing audio with duration 00:01.280
2026-08-14 11:01:16,836 | INFO | faster_whisper | VAD filter removed 00:00.000 of audio
2026-08-14 11:01:17,698 | INFO | assistant | Recognized speech: hello
2026-08-14 11:01:21,035 | INFO | faster_whisper | Processing audio with duration 00:01.360
2026-08-14 11:01:21,038 | INFO | faster_whisper | VAD filter removed 00:00.144 of audio
2026-08-14 11:01:21,834 | INFO | assistant | Recognized speech: up
2026-08-14 11:01:21,834 | INFO | mouse | Moving mouse dx=0 dy=-12
2026-08-14 11:01:24,232 | INFO | faster_whisper | Processing audio with duration 00:01.040
2026-08-14 11:01:24,234 | INFO | faster_whisper | VAD filter removed 00:01.040 of audio
2026-08-14 11:01:27,513 | INFO | faster_whisper | Processing audio with duration 00:01.600
2026-08-14 11:01:27,516 | INFO | faster_whisper | VAD filter removed 00:00.016 of audio
2026-08-14 11:01:28,320 | INFO | assistant | Recognized speech: down
2026-08-14 11:01:28,321 | INFO | mouse | Moving mouse dx=0 dy=12
2026-08-14 11:01:31,923 | INFO | faster_whisper | Processing audio with duration 00:02.240
2026-08-14 11:01:31,926 | INFO | faster_whisper | VAD filter removed 00:00.208 of audio
2026-08-14 11:01:32,751 | INFO | assistant | Recognized speech: is grown up.
2026-08-14 11:01:37,109 | INFO | faster_whisper | Processing audio with duration 00:02.000
2026-08-14 11:01:37,112 | INFO | faster_whisper | VAD filter removed 00:00.000 of audio
2026-08-14 11:01:37,949 | INFO | assistant | Recognized speech: is crawl up.
2026-08-14 11:01:42,073 | INFO | faster_whisper | Processing audio with duration 00:01.760
2026-08-14 11:01:42,076 | INFO | faster_whisper | VAD filter removed 00:00.000 of audio
2026-08-14 11:01:42,919 | INFO | assistant | Recognized speech: is called a
2026-08-14 11:01:47,272 | INFO | faster_whisper | Processing audio with duration 00:01.600
2026-08-14 11:01:47,275 | INFO | faster_whisper | VAD filter removed 00:00.000 of audio
2026-08-14 11:01:48,100 | INFO | assistant | Recognized speech: scroll up.
2026-08-14 11:01:53,596 | INFO | faster_whisper | Processing audio with duration 00:01.920
2026-08-14 11:01:53,600 | INFO | faster_whisper | VAD filter removed 00:00.000 of audio
2026-08-14 11:01:54,455 | INFO | assistant | Recognized speech: it's going to roll down.
2026-08-14 11:01:54,456 | INFO | mouse | Moving mouse dx=0 dy=12
2026-08-14 11:02:07,684 | INFO | faster_whisper | Processing audio with duration 00:01.520
2026-08-14 11:02:07,687 | INFO | faster_whisper | VAD filter removed 00:00.000 of audio
2026-08-14 11:02:08,494 | INFO | assistant | Recognized speech: down
2026-08-14 11:02:08,494 | INFO | mouse | Moving mouse dx=0 dy=12
2026-08-14 11:02:19,113 | INFO | faster_whisper | Processing audio with duration 00:01.520
2026-08-14 11:02:19,116 | INFO | faster_whisper | VAD filter removed 00:00.000 of audio
2026-08-14 11:02:19,972 | INFO | assistant | Recognized speech: down
2026-08-14 11:02:19,972 | INFO | mouse | Moving mouse dx=0 dy=12
2026-08-14 11:02:25,593 | INFO | faster_whisper | Processing audio with duration 00:02.160
2026-08-14 11:02:25,598 | INFO | faster_whisper | VAD filter removed 00:00.000 of audio
2026-08-14 11:02:26,551 | INFO | assistant | Recognized speech: it's crawling down.
2026-08-14 11:02:32,713 | INFO | faster_whisper | Processing audio with duration 00:01.920
2026-08-14 11:02:32,717 | INFO | faster_whisper | VAD filter removed 00:00.000 of audio
2026-08-14 11:02:33,656 | INFO | assistant | Recognized speech: scroll down.
2026-08-14 11:02:34,034 | INFO | faster_whisper | Processing audio with duration 00:01.120
2026-08-14 11:02:34,038 | INFO | faster_whisper | VAD filter removed 00:01.120 of audio
2026-08-14 11:02:48,228 | INFO | faster_whisper | Processing audio with duration 00:01.040
2026-08-14 11:02:48,229 | INFO | faster_whisper | VAD filter removed 00:01.040 of audio
2026-08-14 11:02:58,950 | INFO | faster_whisper | Processing audio with duration 00:01.760
2026-08-14 11:02:58,953 | INFO | faster_whisper | VAD filter removed 00:00.000 of audio
2026-08-14 11:02:59,874 | INFO | assistant | Recognized speech: scroll up
2026-08-14 11:02:59,874 | INFO | mouse | Scrolling amount=3
2026-08-14 11:03:05,614 | INFO | faster_whisper | Processing audio with duration 00:01.920
2026-08-14 11:03:05,619 | INFO | faster_whisper | VAD filter removed 00:00.000 of audio
2026-08-14 11:03:06,471 | INFO | assistant | Recognized speech: is crawl up.
2026-08-14 11:03:17,341 | INFO | assistant | Assistant stopped.
2026-08-15 10:57:47,941 | INFO | comtypes.client._code_cache | Imported existing <module 'comtypes.gen' from 'C:\\Users\\DELL\\OneDrive\\Desktop\\offline_voice_assistant\\.venv\\lib\\site-packages\\comtypes\\gen\\__init__.py'>
2026-08-15 10:57:47,942 | INFO | comtypes.client._code_cache | Using writeable comtypes cache directory: 'C:\Users\DELL\OneDrive\Desktop\offline_voice_assistant\.venv\lib\site-packages\comtypes\gen'
2026-08-15 10:57:48,295 | INFO | tts | Selected TTS voice: Microsoft Hazel Desktop - English (Great Britain)
2026-08-15 10:57:49,570 | INFO | httpx | HTTP Request: GET https://huggingface.co/api/models/Systran/faster-whisper-base.en/revision/main "HTTP/1.1 200 OK"
2026-08-15 10:57:54,476 | INFO | faster_whisper | Processing audio with duration 00:01.040
2026-08-15 10:57:54,702 | INFO | faster_whisper | VAD filter removed 00:01.040 of audio
2026-08-15 10:57:58,080 | INFO | faster_whisper | Processing audio with duration 00:01.440
2026-08-15 10:57:58,083 | INFO | faster_whisper | VAD filter removed 00:00.000 of audio
2026-08-15 10:57:59,190 | INFO | assistant | Recognized speech: open it long.
2026-08-15 10:58:02,628 | INFO | faster_whisper | Processing audio with duration 00:01.520
2026-08-15 10:58:02,631 | INFO | faster_whisper | VAD filter removed 00:00.368 of audio
2026-08-15 10:58:03,463 | INFO | assistant | Recognized speech: it's cold.
2026-08-15 10:58:06,299 | INFO | faster_whisper | Processing audio with duration 00:01.040
2026-08-15 10:58:06,301 | INFO | faster_whisper | VAD filter removed 00:00.000 of audio
2026-08-15 10:58:07,195 | INFO | assistant | Recognized speech: i just got it to cool.
2026-08-15 10:58:11,037 | INFO | faster_whisper | Processing audio with duration 00:01.040
2026-08-15 10:58:11,039 | INFO | faster_whisper | VAD filter removed 00:00.000 of audio
2026-08-15 10:58:11,869 | INFO | assistant | Recognized speech: a long time.
2026-08-15 10:58:13,420 | INFO | faster_whisper | Processing audio with duration 00:01.040
2026-08-15 10:58:13,423 | INFO | faster_whisper | VAD filter removed 00:00.000 of audio
2026-08-15 10:58:15,443 | INFO | faster_whisper | Processing audio with duration 00:01.200
2026-08-15 10:58:15,446 | INFO | faster_whisper | VAD filter removed 00:01.200 of audio
2026-08-15 10:58:17,842 | INFO | faster_whisper | Processing audio with duration 00:01.680
2026-08-15 10:58:17,845 | INFO | faster_whisper | VAD filter removed 00:00.000 of audio
2026-08-15 10:58:18,697 | INFO | assistant | Recognized speech: long to go.
2026-08-15 10:58:22,073 | INFO | faster_whisper | Processing audio with duration 00:01.040
2026-08-15 10:58:22,075 | INFO | faster_whisper | VAD filter removed 00:00.000 of audio
2026-08-15 10:58:22,868 | INFO | assistant | Recognized speech: launch.
2026-08-15 10:58:23,437 | INFO | faster_whisper | Processing audio with duration 00:01.040
2026-08-15 10:58:23,459 | INFO | faster_whisper | VAD filter removed 00:01.040 of audio
2026-08-15 10:58:25,769 | INFO | faster_whisper | Processing audio with duration 00:01.200
2026-08-15 10:58:25,772 | INFO | faster_whisper | VAD filter removed 00:00.000 of audio
2026-08-15 10:58:28,515 | INFO | assistant | Recognized speech: okay. all right. all right. all right. all right. all right. all right. all right. all right. all right. all right. all right. all right. all right. all right. all right. all right. all right. all right. all right. all right. all right. all right. all right. all right. all right.
2026-08-15 10:58:28,890 | INFO | faster_whisper | Processing audio with duration 00:02.720
2026-08-15 10:58:28,899 | INFO | faster_whisper | VAD filter removed 00:00.000 of audio
2026-08-15 10:58:29,739 | INFO | assistant | Recognized speech: launch it, go on.
2026-08-15 10:58:33,913 | INFO | faster_whisper | Processing audio with duration 00:02.240
2026-08-15 10:58:33,917 | INFO | faster_whisper | VAD filter removed 00:00.144 of audio
2026-08-15 10:58:34,768 | INFO | assistant | Recognized speech: longer groans.
2026-08-15 10:58:35,837 | INFO | faster_whisper | Processing audio with duration 00:01.120
2026-08-15 10:58:35,839 | INFO | faster_whisper | VAD filter removed 00:01.120 of audio
2026-08-15 10:58:36,802 | INFO | faster_whisper | Processing audio with duration 00:00.960
2026-08-15 10:58:36,803 | INFO | faster_whisper | VAD filter removed 00:00.960 of audio
2026-08-15 10:58:38,791 | INFO | faster_whisper | Processing audio with duration 00:02.000
2026-08-15 10:58:38,795 | INFO | faster_whisper | VAD filter removed 00:00.000 of audio
2026-08-15 10:58:39,604 | INFO | assistant | Recognized speech: let's go!
2026-08-15 10:58:39,923 | INFO | faster_whisper | Processing audio with duration 00:01.120
2026-08-15 10:58:39,925 | INFO | faster_whisper | VAD filter removed 00:01.120 of audio
2026-08-15 10:58:41,831 | INFO | faster_whisper | Processing audio with duration 00:01.040
2026-08-15 10:58:41,833 | INFO | faster_whisper | VAD filter removed 00:01.040 of audio
2026-08-15 10:58:42,881 | INFO | faster_whisper | Processing audio with duration 00:01.040
2026-08-15 10:58:42,883 | INFO | faster_whisper | VAD filter removed 00:01.040 of audio
2026-08-15 10:58:44,144 | INFO | assistant | Assistant stopped.
2026-08-15 10:59:05,926 | INFO | comtypes.client._code_cache | Imported existing <module 'comtypes.gen' from 'C:\\Users\\DELL\\OneDrive\\Desktop\\offline_voice_assistant\\.venv\\lib\\site-packages\\comtypes\\gen\\__init__.py'>
2026-08-15 10:59:05,927 | INFO | comtypes.client._code_cache | Using writeable comtypes cache directory: 'C:\Users\DELL\OneDrive\Desktop\offline_voice_assistant\.venv\lib\site-packages\comtypes\gen'
2026-08-15 10:59:06,044 | INFO | tts | Selected TTS voice: Microsoft Hazel Desktop - English (Great Britain)
2026-08-15 10:59:07,015 | INFO | httpx | HTTP Request: GET https://huggingface.co/api/models/Systran/faster-whisper-base.en/revision/main "HTTP/1.1 200 OK"
2026-08-15 11:00:06,667 | INFO | assistant | Assistant stopped.
2026-08-15 11:00:15,139 | INFO | comtypes.client._code_cache | Imported existing <module 'comtypes.gen' from 'C:\\Users\\DELL\\OneDrive\\Desktop\\offline_voice_assistant\\.venv\\lib\\site-packages\\comtypes\\gen\\__init__.py'>
2026-08-15 11:00:15,139 | INFO | comtypes.client._code_cache | Using writeable comtypes cache directory: 'C:\Users\DELL\OneDrive\Desktop\offline_voice_assistant\.venv\lib\site-packages\comtypes\gen'
2026-08-15 11:00:15,248 | INFO | tts | Selected TTS voice: Microsoft Hazel Desktop - English (Great Britain)
2026-08-15 11:00:15,989 | INFO | httpx | HTTP Request: GET https://huggingface.co/api/models/Systran/faster-whisper-base.en/revision/main "HTTP/1.1 200 OK"
2026-08-15 11:00:58,126 | INFO | assistant | Assistant stopped.
2026-08-15 11:03:52,312 | INFO | comtypes.client._code_cache | Imported existing <module 'comtypes.gen' from 'C:\\Users\\DELL\\OneDrive\\Desktop\\offline_voice_assistant\\.venv\\lib\\site-packages\\comtypes\\gen\\__init__.py'>
2026-08-15 11:03:52,312 | INFO | comtypes.client._code_cache | Using writeable comtypes cache directory: 'C:\Users\DELL\OneDrive\Desktop\offline_voice_assistant\.venv\lib\site-packages\comtypes\gen'
2026-08-15 11:03:52,439 | INFO | tts | Selected TTS voice: Microsoft Hazel Desktop - English (Great Britain)
2026-08-15 11:03:53,279 | INFO | httpx | HTTP Request: GET https://huggingface.co/api/models/Systran/faster-whisper-base.en/revision/main "HTTP/1.1 200 OK"
2026-08-15 11:04:00,114 | INFO | faster_whisper | Processing audio with duration 00:01.040
2026-08-15 11:04:00,267 | INFO | faster_whisper | VAD filter removed 00:01.040 of audio
2026-08-15 11:04:02,622 | INFO | faster_whisper | Processing audio with duration 00:01.040
2026-08-15 11:04:02,624 | INFO | faster_whisper | VAD filter removed 00:01.040 of audio
2026-08-15 11:04:06,141 | INFO | faster_whisper | Processing audio with duration 00:01.280
2026-08-15 11:04:06,144 | INFO | faster_whisper | VAD filter removed 00:00.000 of audio
2026-08-15 11:04:07,265 | INFO | assistant | Recognized speech: open watch mode.
2026-08-15 11:04:38,594 | INFO | assistant | Assistant stopped.
2026-08-15 11:14:02,543 | INFO | comtypes.client._code_cache | Imported existing <module 'comtypes.gen' from 'C:\\Users\\DELL\\OneDrive\\Desktop\\offline_voice_assistant\\.venv\\lib\\site-packages\\comtypes\\gen\\__init__.py'>
2026-08-15 11:14:02,545 | INFO | comtypes.client._code_cache | Using writeable comtypes cache directory: 'C:\Users\DELL\OneDrive\Desktop\offline_voice_assistant\.venv\lib\site-packages\comtypes\gen'
2026-08-15 11:14:02,755 | INFO | tts | Selected TTS voice: Microsoft Hazel Desktop - English (Great Britain)
2026-08-15 11:14:03,885 | INFO | httpx | HTTP Request: GET https://huggingface.co/api/models/Systran/faster-whisper-base.en/revision/main "HTTP/1.1 200 OK"
2026-08-15 11:14:09,167 | INFO | faster_whisper | Processing audio with duration 00:02.640
2026-08-15 11:14:09,326 | INFO | faster_whisper | VAD filter removed 00:02.640 of audio
2026-08-15 11:14:11,276 | INFO | faster_whisper | Processing audio with duration 00:01.520
2026-08-15 11:14:11,279 | INFO | faster_whisper | VAD filter removed 00:01.520 of audio
2026-08-15 11:14:13,039 | INFO | faster_whisper | Processing audio with duration 00:01.760
2026-08-15 11:14:13,042 | INFO | faster_whisper | VAD filter removed 00:01.760 of audio
2026-08-15 11:14:15,761 | INFO | faster_whisper | Processing audio with duration 00:01.680
2026-08-15 11:14:15,764 | INFO | faster_whisper | VAD filter removed 00:01.680 of audio
2026-08-15 11:14:17,824 | INFO | faster_whisper | Processing audio with duration 00:01.120
2026-08-15 11:14:17,826 | INFO | faster_whisper | VAD filter removed 00:01.120 of audio
2026-08-15 11:14:19,755 | INFO | faster_whisper | Processing audio with duration 00:01.920
2026-08-15 11:14:19,758 | INFO | faster_whisper | VAD filter removed 00:01.920 of audio
2026-08-15 11:14:21,428 | INFO | faster_whisper | Processing audio with duration 00:01.040
2026-08-15 11:14:21,430 | INFO | faster_whisper | VAD filter removed 00:01.040 of audio
2026-08-15 11:14:23,755 | INFO | faster_whisper | Processing audio with duration 00:02.320
2026-08-15 11:14:23,758 | INFO | faster_whisper | VAD filter removed 00:02.320 of audio
2026-08-15 11:14:25,511 | INFO | faster_whisper | Processing audio with duration 00:01.680
2026-08-15 11:14:25,514 | INFO | faster_whisper | VAD filter removed 00:01.680 of audio
2026-08-15 11:14:26,868 | INFO | faster_whisper | Processing audio with duration 00:01.360
2026-08-15 11:14:26,870 | INFO | faster_whisper | VAD filter removed 00:01.360 of audio
2026-08-15 11:14:33,198 | INFO | faster_whisper | Processing audio with duration 00:01.040
2026-08-15 11:14:33,201 | INFO | faster_whisper | VAD filter removed 00:01.040 of audio
2026-08-15 11:14:37,914 | INFO | faster_whisper | Processing audio with duration 00:01.040
2026-08-15 11:14:37,916 | INFO | faster_whisper | VAD filter removed 00:01.040 of audio
2026-08-15 11:14:39,266 | INFO | faster_whisper | Processing audio with duration 00:01.040
2026-08-15 11:14:39,268 | INFO | faster_whisper | VAD filter removed 00:00.000 of audio
2026-08-15 11:14:42,393 | INFO | assistant | Recognized speech: okay. all right. all right. all right. all right. all right. all right. all right. all right. all right. all right. all right. all right. all right. all right. all right. all right. all right. all right. all right. all right. all right. all right. all right. all right. all right. all right. all right.
2026-08-15 11:14:59,272 | INFO | faster_whisper | Processing audio with duration 00:01.280
2026-08-15 11:14:59,275 | INFO | faster_whisper | VAD filter removed 00:00.000 of audio
2026-08-15 11:15:00,181 | INFO | assistant | Recognized speech: to make things.
2026-08-15 11:15:09,759 | INFO | faster_whisper | Processing audio with duration 00:01.040
2026-08-15 11:15:09,761 | INFO | faster_whisper | VAD filter removed 00:01.040 of audio
2026-08-15 11:15:17,115 | INFO | faster_whisper | Processing audio with duration 00:01.520
2026-08-15 11:15:17,117 | INFO | faster_whisper | VAD filter removed 00:00.240 of audio
2026-08-15 11:15:18,017 | INFO | assistant | Recognized speech: thank you.
2026-08-15 11:15:18,378 | INFO | assistant | Assistant stopped.
2026-08-15 11:18:04,202 | INFO | comtypes.client._code_cache | Imported existing <module 'comtypes.gen' from 'C:\\Users\\DELL\\OneDrive\\Desktop\\offline_voice_assistant\\.venv\\lib\\site-packages\\comtypes\\gen\\__init__.py'>
2026-08-15 11:18:04,202 | INFO | comtypes.client._code_cache | Using writeable comtypes cache directory: 'C:\Users\DELL\OneDrive\Desktop\offline_voice_assistant\.venv\lib\site-packages\comtypes\gen'
2026-08-15 11:18:04,337 | INFO | tts | Selected TTS voice: Microsoft Hazel Desktop - English (Great Britain)
2026-08-15 11:18:05,240 | INFO | httpx | HTTP Request: GET https://huggingface.co/api/models/Systran/faster-whisper-base.en/revision/main "HTTP/1.1 200 OK"
2026-08-15 11:18:09,293 | INFO | faster_whisper | Processing audio with duration 00:01.040
2026-08-15 11:18:09,447 | INFO | faster_whisper | VAD filter removed 00:01.040 of audio
2026-08-15 11:18:11,095 | INFO | faster_whisper | Processing audio with duration 00:01.040
2026-08-15 11:18:11,097 | INFO | faster_whisper | VAD filter removed 00:01.040 of audio
2026-08-15 11:18:12,359 | INFO | faster_whisper | Processing audio with duration 00:01.120
2026-08-15 11:18:12,362 | INFO | faster_whisper | VAD filter removed 00:01.120 of audio
2026-08-15 11:18:14,761 | INFO | faster_whisper | Processing audio with duration 00:01.760
2026-08-15 11:18:14,764 | INFO | faster_whisper | VAD filter removed 00:01.760 of audio
2026-08-15 11:18:18,277 | INFO | faster_whisper | Processing audio with duration 00:01.600
2026-08-15 11:18:18,279 | INFO | faster_whisper | VAD filter removed 00:01.600 of audio
2026-08-15 11:18:22,928 | INFO | faster_whisper | Processing audio with duration 00:04.240
2026-08-15 11:18:22,935 | INFO | faster_whisper | VAD filter removed 00:04.240 of audio
2026-08-15 11:18:24,278 | INFO | faster_whisper | Processing audio with duration 00:01.120
2026-08-15 11:18:24,281 | INFO | faster_whisper | VAD filter removed 00:01.120 of audio
2026-08-15 11:18:56,602 | INFO | faster_whisper | Processing audio with duration 00:01.120
2026-08-15 11:18:56,604 | INFO | faster_whisper | VAD filter removed 00:01.120 of audio
2026-08-15 11:18:58,443 | INFO | assistant | Assistant stopped.
2026-08-15 19:53:45,619 | INFO | comtypes.client._code_cache | Imported existing <module 'comtypes.gen' from 'C:\\Users\\DELL\\OneDrive\\Desktop\\offline_voice_assistant\\.venv\\lib\\site-packages\\comtypes\\gen\\__init__.py'>
2026-08-15 19:53:45,620 | INFO | comtypes.client._code_cache | Using writeable comtypes cache directory: 'C:\Users\DELL\OneDrive\Desktop\offline_voice_assistant\.venv\lib\site-packages\comtypes\gen'
2026-08-15 19:53:46,178 | INFO | tts | Selected TTS voice: Microsoft Hazel Desktop - English (Great Britain)
2026-08-15 19:53:47,796 | INFO | httpx | HTTP Request: GET https://huggingface.co/api/models/Systran/faster-whisper-base.en/revision/main "HTTP/1.1 200 OK"
2026-08-15 19:56:03,754 | INFO | assistant | Assistant stopped.
2026-08-15 19:57:56,994 | INFO | comtypes.client._code_cache | Imported existing <module 'comtypes.gen' from 'C:\\Users\\DELL\\OneDrive\\Desktop\\offline_voice_assistant\\.venv\\lib\\site-packages\\comtypes\\gen\\__init__.py'>
2026-08-15 19:57:56,994 | INFO | comtypes.client._code_cache | Using writeable comtypes cache directory: 'C:\Users\DELL\OneDrive\Desktop\offline_voice_assistant\.venv\lib\site-packages\comtypes\gen'
2026-08-15 19:57:57,119 | INFO | tts | Selected TTS voice: Microsoft Hazel Desktop - English (Great Britain)
2026-08-15 19:57:58,169 | INFO | httpx | HTTP Request: GET https://huggingface.co/api/models/Systran/faster-whisper-base.en/revision/main "HTTP/1.1 200 OK"
2026-08-15 20:00:43,230 | INFO | faster_whisper | Processing audio with duration 00:01.280
2026-08-15 20:00:43,470 | INFO | faster_whisper | VAD filter removed 00:00.000 of audio
2026-08-15 20:00:44,831 | INFO | assistant | Recognized speech: ahh!
2026-08-15 20:00:45,134 | INFO | faster_whisper | Processing audio with duration 00:01.440
2026-08-15 20:00:45,138 | INFO | faster_whisper | VAD filter removed 00:00.000 of audio
2026-08-15 20:00:46,007 | INFO | assistant | Recognized speech: ow it.
2026-08-15 20:00:52,974 | INFO | faster_whisper | Processing audio with duration 00:01.120
2026-08-15 20:00:52,976 | INFO | faster_whisper | VAD filter removed 00:00.000 of audio
2026-08-15 20:00:53,787 | INFO | assistant | Recognized speech: ah!
2026-08-15 20:01:51,764 | INFO | assistant | Assistant stopped.
2026-08-15 20:02:16,227 | INFO | comtypes.client._code_cache | Imported existing <module 'comtypes.gen' from 'C:\\Users\\DELL\\OneDrive\\Desktop\\offline_voice_assistant\\.venv\\lib\\site-packages\\comtypes\\gen\\__init__.py'>
2026-08-15 20:02:16,227 | INFO | comtypes.client._code_cache | Using writeable comtypes cache directory: 'C:\Users\DELL\OneDrive\Desktop\offline_voice_assistant\.venv\lib\site-packages\comtypes\gen'
2026-08-15 20:02:16,338 | INFO | tts | Selected TTS voice: Microsoft Hazel Desktop - English (Great Britain)
2026-08-15 20:02:17,244 | INFO | httpx | HTTP Request: GET https://huggingface.co/api/models/Systran/faster-whisper-base.en/revision/main "HTTP/1.1 200 OK"
2026-08-15 20:04:59,606 | INFO | faster_whisper | Processing audio with duration 00:01.040
2026-08-15 20:04:59,646 | INFO | faster_whisper | VAD filter removed 00:01.040 of audio
2026-08-15 20:14:36,499 | INFO | faster_whisper | Processing audio with duration 00:01.120
2026-08-15 20:14:36,502 | INFO | faster_whisper | VAD filter removed 00:01.120 of audio
2026-08-15 20:15:44,334 | INFO | faster_whisper | Processing audio with duration 00:01.280
2026-08-15 20:15:44,336 | INFO | faster_whisper | VAD filter removed 00:00.000 of audio
2026-08-15 20:15:45,197 | INFO | assistant | Recognized speech: ugh!
2026-08-15 20:16:35,765 | INFO | assistant | Assistant stopped.
2026-08-16 08:33:36,786 | INFO | comtypes.client._code_cache | Imported existing <module 'comtypes.gen' from 'C:\\Users\\DELL\\OneDrive\\Desktop\\offline_voice_assistant\\.venv\\lib\\site-packages\\comtypes\\gen\\__init__.py'>
2026-08-16 08:33:36,787 | INFO | comtypes.client._code_cache | Using writeable comtypes cache directory: 'C:\Users\DELL\OneDrive\Desktop\offline_voice_assistant\.venv\lib\site-packages\comtypes\gen'
2026-08-16 08:33:37,355 | INFO | tts | Selected TTS voice: Microsoft Hazel Desktop - English (Great Britain)
2026-08-16 08:33:38,789 | INFO | httpx | HTTP Request: GET https://huggingface.co/api/models/Systran/faster-whisper-base.en/revision/main "HTTP/1.1 200 OK"
2026-08-16 08:34:09,713 | INFO | faster_whisper | Processing audio with duration 00:01.840
2026-08-16 08:34:10,125 | INFO | faster_whisper | VAD filter removed 00:00.304 of audio
2026-08-16 08:34:12,663 | INFO | assistant | Recognized speech: i'm hoping that's it.
2026-08-16 08:34:18,215 | INFO | faster_whisper | Processing audio with duration 00:01.840
2026-08-16 08:34:18,227 | INFO | faster_whisper | VAD filter removed 00:00.000 of audio
2026-08-16 08:34:21,123 | INFO | assistant | Recognized speech: open, that's it.
2026-08-16 08:34:21,262 | INFO | safety | Application not found/openable: 'that s it'
2026-08-16 08:34:21,272 | INFO | tts | Speaking: Unable to find that s it on this PC.
2026-08-16 08:34:29,803 | INFO | faster_whisper | Processing audio with duration 00:04.160
2026-08-16 08:34:29,827 | INFO | faster_whisper | VAD filter removed 00:00.000 of audio
2026-08-16 08:34:31,602 | INFO | assistant | Recognized speech: unable to find that asset on this pc.
2026-08-16 08:34:31,993 | INFO | faster_whisper | Processing audio with duration 00:01.760
2026-08-16 08:34:32,001 | INFO | faster_whisper | VAD filter removed 00:01.760 of audio
2026-08-16 08:34:50,904 | INFO | faster_whisper | Processing audio with duration 00:01.200
2026-08-16 08:34:50,912 | INFO | faster_whisper | VAD filter removed 00:01.200 of audio
2026-08-16 08:35:39,949 | INFO | faster_whisper | Processing audio with duration 00:01.360
2026-08-16 08:35:39,956 | INFO | faster_whisper | VAD filter removed 00:00.000 of audio
2026-08-16 08:35:41,576 | INFO | assistant | Recognized speech: no.
2026-08-16 08:35:58,502 | INFO | faster_whisper | Processing audio with duration 00:01.600
2026-08-16 08:35:58,515 | INFO | faster_whisper | VAD filter removed 00:01.600 of audio
2026-08-16 08:36:12,668 | INFO | faster_whisper | Processing audio with duration 00:01.040
2026-08-16 08:36:12,678 | INFO | faster_whisper | VAD filter removed 00:01.040 of audio
2026-08-16 08:36:34,413 | INFO | faster_whisper | Processing audio with duration 00:01.040
2026-08-16 08:36:34,550 | INFO | faster_whisper | VAD filter removed 00:01.040 of audio
2026-08-16 08:36:53,884 | INFO | faster_whisper | Processing audio with duration 00:01.120
2026-08-16 08:36:53,895 | INFO | faster_whisper | VAD filter removed 00:01.120 of audio
2026-08-16 08:37:16,177 | INFO | faster_whisper | Processing audio with duration 00:01.040
2026-08-16 08:37:16,184 | INFO | faster_whisper | VAD filter removed 00:01.040 of audio
2026-08-16 08:38:32,112 | INFO | faster_whisper | Processing audio with duration 00:01.840
2026-08-16 08:38:32,125 | INFO | faster_whisper | VAD filter removed 00:01.840 of audio
2026-08-16 08:38:36,328 | INFO | faster_whisper | Processing audio with duration 00:01.600
2026-08-16 08:38:36,338 | INFO | faster_whisper | VAD filter removed 00:01.600 of audio
2026-08-16 08:38:43,291 | INFO | assistant | Assistant stopped.
2026-08-16 08:41:33,479 | INFO | comtypes.client._code_cache | Imported existing <module 'comtypes.gen' from 'C:\\Users\\DELL\\OneDrive\\Desktop\\offline_voice_assistant\\.venv\\lib\\site-packages\\comtypes\\gen\\__init__.py'>
2026-08-16 08:41:33,480 | INFO | comtypes.client._code_cache | Using writeable comtypes cache directory: 'C:\Users\DELL\OneDrive\Desktop\offline_voice_assistant\.venv\lib\site-packages\comtypes\gen'
2026-08-16 08:41:34,110 | INFO | tts | Selected TTS voice: Microsoft Hazel Desktop - English (Great Britain)
2026-08-16 08:41:35,625 | INFO | httpx | HTTP Request: GET https://huggingface.co/api/models/Systran/faster-whisper-base.en/revision/main "HTTP/1.1 200 OK"
2026-08-16 08:42:05,879 | INFO | faster_whisper | Processing audio with duration 00:02.560
2026-08-16 08:42:06,163 | INFO | faster_whisper | VAD filter removed 00:00.000 of audio
2026-08-16 08:42:08,313 | INFO | assistant | Recognized speech: open microsoft store.
2026-08-16 08:42:13,002 | INFO | safety | Opened application 'microsoft store'
2026-08-16 08:42:13,031 | INFO | tts | Speaking: Opening microsoft store.
2026-08-16 08:42:21,544 | INFO | faster_whisper | Processing audio with duration 00:02.560
2026-08-16 08:42:21,553 | INFO | faster_whisper | VAD filter removed 00:00.000 of audio
2026-08-16 08:42:24,001 | INFO | assistant | Recognized speech: opening microsoft store
2026-08-16 08:42:31,751 | INFO | faster_whisper | Processing audio with duration 00:01.040
2026-08-16 08:42:31,758 | INFO | faster_whisper | VAD filter removed 00:01.040 of audio
2026-08-16 08:42:37,026 | INFO | faster_whisper | Processing audio with duration 00:01.920
2026-08-16 08:42:37,033 | INFO | faster_whisper | VAD filter removed 00:00.000 of audio
2026-08-16 08:42:38,651 | INFO | assistant | Recognized speech: hope and not bend
2026-08-16 08:42:56,963 | INFO | faster_whisper | Processing audio with duration 00:02.240
2026-08-16 08:42:56,973 | INFO | faster_whisper | VAD filter removed 00:00.048 of audio
2026-08-16 08:42:58,904 | INFO | assistant | Recognized speech: open microsoft edge.
2026-08-16 08:43:03,104 | INFO | safety | Opened application 'microsoft edge'
2026-08-16 08:43:03,118 | INFO | tts | Speaking: Opening microsoft edge.
2026-08-16 08:43:33,126 | INFO | faster_whisper | Processing audio with duration 00:01.120
2026-08-16 08:43:33,131 | INFO | faster_whisper | VAD filter removed 00:01.120 of audio
2026-08-16 08:43:36,788 | INFO | faster_whisper | Processing audio with duration 00:02.160
2026-08-16 08:43:36,797 | INFO | faster_whisper | VAD filter removed 00:00.000 of audio
2026-08-16 08:43:38,814 | INFO | assistant | Recognized speech: open microsoft edge.
2026-08-16 08:43:43,042 | INFO | safety | Opened application 'microsoft edge'
2026-08-16 08:43:43,046 | INFO | tts | Speaking: Opening microsoft edge.
2026-08-16 08:43:55,243 | INFO | faster_whisper | Processing audio with duration 00:01.120
2026-08-16 08:43:55,248 | INFO | faster_whisper | VAD filter removed 00:01.120 of audio
2026-08-16 08:43:57,842 | INFO | faster_whisper | Processing audio with duration 00:01.120
2026-08-16 08:43:57,847 | INFO | faster_whisper | VAD filter removed 00:00.000 of audio
2026-08-16 08:43:59,707 | INFO | assistant | Recognized speech: of the microsus.
2026-08-16 08:44:09,367 | INFO | faster_whisper | Processing audio with duration 00:01.520
2026-08-16 08:44:09,373 | INFO | faster_whisper | VAD filter removed 00:01.520 of audio
2026-08-16 08:44:13,110 | INFO | faster_whisper | Processing audio with duration 00:01.040
2026-08-16 08:44:13,114 | INFO | faster_whisper | VAD filter removed 00:01.040 of audio
2026-08-16 08:44:15,271 | INFO | faster_whisper | Processing audio with duration 00:01.040
2026-08-16 08:44:15,275 | INFO | faster_whisper | VAD filter removed 00:01.040 of audio
2026-08-16 08:44:26,488 | INFO | assistant | Assistant stopped.
2026-08-16 08:49:51,856 | INFO | comtypes.client._code_cache | Imported existing <module 'comtypes.gen' from 'C:\\Users\\DELL\\OneDrive\\Desktop\\offline_voice_assistant\\.venv\\lib\\site-packages\\comtypes\\gen\\__init__.py'>
2026-08-16 08:49:51,857 | INFO | comtypes.client._code_cache | Using writeable comtypes cache directory: 'C:\Users\DELL\OneDrive\Desktop\offline_voice_assistant\.venv\lib\site-packages\comtypes\gen'
2026-08-16 08:49:52,114 | INFO | tts | Selected female TTS voice: Microsoft Zira Desktop - English (United States)
2026-08-16 08:49:53,160 | INFO | httpx | HTTP Request: GET https://huggingface.co/api/models/Systran/faster-whisper-base.en/revision/main "HTTP/1.1 200 OK"
2026-08-16 08:50:11,530 | INFO | faster_whisper | Processing audio with duration 00:01.040
2026-08-16 08:50:11,820 | INFO | faster_whisper | VAD filter removed 00:01.040 of audio
2026-08-16 08:50:14,552 | INFO | faster_whisper | Processing audio with duration 00:01.120
2026-08-16 08:50:14,557 | INFO | faster_whisper | VAD filter removed 00:01.120 of audio
2026-08-16 08:50:20,293 | INFO | faster_whisper | Processing audio with duration 00:01.040
2026-08-16 08:50:20,297 | INFO | faster_whisper | VAD filter removed 00:00.208 of audio
2026-08-16 08:50:23,915 | INFO | assistant | Recognized speech: okay. all right. all right. all right. all right. all right. all right. all right. all right. all right. all right. all right. all right. all right. all right. all right. all right. all right. all right. all right. all right. all right. all right. all right.
2026-08-16 08:50:33,179 | INFO | faster_whisper | Processing audio with duration 00:01.600
2026-08-16 08:50:33,186 | INFO | faster_whisper | VAD filter removed 00:00.000 of audio
2026-08-16 08:50:34,672 | INFO | assistant | Recognized speech: i've been coming.
2026-08-16 08:50:35,012 | INFO | faster_whisper | Processing audio with duration 00:01.680
2026-08-16 08:50:35,020 | INFO | faster_whisper | VAD filter removed 00:00.000 of audio
2026-08-16 08:50:36,514 | INFO | assistant | Recognized speech: that's it.
2026-08-16 08:50:37,951 | INFO | faster_whisper | Processing audio with duration 00:01.680
2026-08-16 08:50:37,964 | INFO | faster_whisper | VAD filter removed 00:01.680 of audio
2026-08-16 08:50:40,138 | INFO | faster_whisper | Processing audio with duration 00:02.240
2026-08-16 08:50:40,148 | INFO | faster_whisper | VAD filter removed 00:02.240 of audio
2026-08-16 08:50:41,445 | INFO | faster_whisper | Processing audio with duration 00:01.200
2026-08-16 08:50:41,456 | INFO | faster_whisper | VAD filter removed 00:01.200 of audio
2026-08-16 08:50:48,038 | INFO | faster_whisper | Processing audio with duration 00:01.040
2026-08-16 08:50:48,043 | INFO | faster_whisper | VAD filter removed 00:01.040 of audio
2026-08-16 08:50:49,847 | INFO | faster_whisper | Processing audio with duration 00:01.040
2026-08-16 08:50:49,859 | INFO | faster_whisper | VAD filter removed 00:01.040 of audio
2026-08-16 08:50:50,532 | INFO | faster_whisper | Processing audio with duration 00:00.800
2026-08-16 08:50:50,541 | INFO | faster_whisper | VAD filter removed 00:00.800 of audio
2026-08-16 08:50:52,478 | INFO | faster_whisper | Processing audio with duration 00:01.040
2026-08-16 08:50:52,490 | INFO | faster_whisper | VAD filter removed 00:01.040 of audio
2026-08-16 08:50:58,962 | INFO | faster_whisper | Processing audio with duration 00:05.840
2026-08-16 08:50:58,989 | INFO | faster_whisper | VAD filter removed 00:01.296 of audio
2026-08-16 08:51:00,674 | INFO | assistant | Recognized speech: if you have any questions, please leave them in the comments below.
2026-08-16 08:51:03,557 | INFO | faster_whisper | Processing audio with duration 00:04.080
2026-08-16 08:51:03,568 | INFO | faster_whisper | VAD filter removed 00:01.104 of audio
2026-08-16 08:51:10,428 | INFO | assistant | Recognized speech: so, bye, bye, bye, bye, bye, bye, bye, bye, bye, bye, bye, bye, bye, bye, bye, bye, bye, bye, bye, bye, bye, bye, bye, bye, bye, bye, bye, bye, bye, bye, bye, bye, bye, bye, bye, bye, bye, bye, bye, bye, bye, bye, bye, bye, bye, bye, bye, bye, bye, bye, bye, bye, bye, bye, bye, bye, bye, bye, bye, bye, bye, bye, bye, bye, bye, bye, bye, bye, bye, bye, bye, bye, bye, bye, bye, bye, bye, bye, bye, bye, bye, bye, bye, bye, bye, bye, bye, bye, bye, bye, bye, bye, bye, bye, bye, bye, bye, bye, bye, bye, bye, bye, bye, bye, bye, bye, bye, bye, bye, bye, bye
2026-08-16 08:51:14,865 | INFO | faster_whisper | Processing audio with duration 00:02.480
2026-08-16 08:51:14,873 | INFO | faster_whisper | VAD filter removed 00:00.000 of audio
2026-08-16 08:51:16,957 | INFO | assistant | Recognized speech: it's all hand-cooled.
2026-08-16 08:51:22,060 | INFO | faster_whisper | Processing audio with duration 00:01.040
2026-08-16 08:51:22,065 | INFO | faster_whisper | VAD filter removed 00:01.040 of audio
2026-08-16 08:51:33,897 | INFO | faster_whisper | Processing audio with duration 00:01.040
2026-08-16 08:51:33,902 | INFO | faster_whisper | VAD filter removed 00:01.040 of audio
2026-08-16 08:51:35,496 | INFO | faster_whisper | Processing audio with duration 00:01.360
2026-08-16 08:51:35,501 | INFO | faster_whisper | VAD filter removed 00:01.360 of audio
2026-08-16 08:51:36,356 | INFO | assistant | Assistant stopped.
2026-08-16 08:53:03,913 | INFO | comtypes.client._code_cache | Imported existing <module 'comtypes.gen' from 'C:\\Users\\DELL\\OneDrive\\Desktop\\offline_voice_assistant\\.venv\\lib\\site-packages\\comtypes\\gen\\__init__.py'>
2026-08-16 08:53:03,913 | INFO | comtypes.client._code_cache | Using writeable comtypes cache directory: 'C:\Users\DELL\OneDrive\Desktop\offline_voice_assistant\.venv\lib\site-packages\comtypes\gen'
2026-08-16 08:53:04,150 | INFO | tts | Selected TTS voice: Microsoft Hazel Desktop - English (Great Britain)
2026-08-16 08:53:05,226 | INFO | httpx | HTTP Request: GET https://huggingface.co/api/models/Systran/faster-whisper-base.en/revision/main "HTTP/1.1 200 OK"
2026-08-16 08:53:10,315 | INFO | faster_whisper | Processing audio with duration 00:01.040
2026-08-16 08:53:10,599 | INFO | faster_whisper | VAD filter removed 00:01.040 of audio
2026-08-16 08:53:15,065 | INFO | faster_whisper | Processing audio with duration 00:01.040
2026-08-16 08:53:15,069 | INFO | faster_whisper | VAD filter removed 00:01.040 of audio
2026-08-16 08:53:22,757 | INFO | faster_whisper | Processing audio with duration 00:02.560
2026-08-16 08:53:22,768 | INFO | faster_whisper | VAD filter removed 00:02.560 of audio
2026-08-16 08:53:28,917 | INFO | faster_whisper | Processing audio with duration 00:01.040
2026-08-16 08:53:28,923 | INFO | faster_whisper | VAD filter removed 00:01.040 of audio
2026-08-16 08:53:30,584 | INFO | faster_whisper | Processing audio with duration 00:01.680
2026-08-16 08:53:30,590 | INFO | faster_whisper | VAD filter removed 00:01.680 of audio
2026-08-16 08:53:34,512 | INFO | faster_whisper | Processing audio with duration 00:02.000
2026-08-16 08:53:34,521 | INFO | faster_whisper | VAD filter removed 00:00.000 of audio
2026-08-16 08:53:36,105 | INFO | assistant | Recognized speech: start what's in.
2026-08-16 08:53:40,324 | INFO | safety | Opened application 'what s in'
2026-08-16 08:53:40,407 | INFO | tts | Speaking: Opening what s in.
2026-08-16 08:53:50,981 | INFO | faster_whisper | Processing audio with duration 00:03.840
2026-08-16 08:53:51,025 | INFO | faster_whisper | VAD filter removed 00:00.720 of audio
2026-08-16 08:53:52,940 | INFO | assistant | Recognized speech: opening water soon.
2026-08-16 08:53:57,555 | INFO | faster_whisper | Processing audio with duration 00:01.120
2026-08-16 08:53:57,559 | INFO | faster_whisper | VAD filter removed 00:01.120 of audio
2026-08-16 08:54:05,650 | INFO | faster_whisper | Processing audio with duration 00:01.360
2026-08-16 08:54:05,655 | INFO | faster_whisper | VAD filter removed 00:01.360 of audio
2026-08-16 08:54:12,350 | INFO | faster_whisper | Processing audio with duration 00:01.200
2026-08-16 08:54:12,355 | INFO | faster_whisper | VAD filter removed 00:00.000 of audio
2026-08-16 08:54:14,173 | INFO | assistant | Recognized speech: hello
2026-08-16 08:54:28,281 | INFO | faster_whisper | Processing audio with duration 00:01.440
2026-08-16 08:54:28,287 | INFO | faster_whisper | VAD filter removed 00:00.000 of audio
2026-08-16 08:54:30,121 | INFO | assistant | Recognized speech: thank you.
2026-08-16 08:54:32,136 | INFO | faster_whisper | Processing audio with duration 00:01.440
2026-08-16 08:54:32,144 | INFO | faster_whisper | VAD filter removed 00:01.440 of audio
2026-08-16 08:54:37,889 | INFO | faster_whisper | Processing audio with duration 00:02.480
2026-08-16 08:54:37,897 | INFO | faster_whisper | VAD filter removed 00:02.480 of audio
2026-08-16 08:54:40,919 | INFO | faster_whisper | Processing audio with duration 00:01.200
2026-08-16 08:54:40,922 | INFO | faster_whisper | VAD filter removed 00:01.200 of audio
2026-08-16 08:54:45,244 | INFO | faster_whisper | Processing audio with duration 00:01.040
2026-08-16 08:54:45,248 | INFO | faster_whisper | VAD filter removed 00:01.040 of audio
2026-08-16 08:54:47,476 | INFO | faster_whisper | Processing audio with duration 00:01.040
2026-08-16 08:54:47,479 | INFO | faster_whisper | VAD filter removed 00:01.040 of audio
2026-08-16 08:54:48,078 | INFO | assistant | Assistant stopped.
2026-08-16 09:01:07,421 | INFO | comtypes.client._code_cache | Imported existing <module 'comtypes.gen' from 'C:\\Users\\DELL\\OneDrive\\Desktop\\offline_voice_assistant\\.venv\\lib\\site-packages\\comtypes\\gen\\__init__.py'>
2026-08-16 09:01:07,422 | INFO | comtypes.client._code_cache | Using writeable comtypes cache directory: 'C:\Users\DELL\OneDrive\Desktop\offline_voice_assistant\.venv\lib\site-packages\comtypes\gen'
2026-08-16 09:01:07,661 | INFO | tts | Selected TTS voice: Microsoft Hazel Desktop - English (Great Britain)
2026-08-16 09:01:08,649 | INFO | httpx | HTTP Request: GET https://huggingface.co/api/models/Systran/faster-whisper-base.en/revision/main "HTTP/1.1 200 OK"
2026-08-16 09:01:23,935 | INFO | faster_whisper | Processing audio with duration 00:01.120
2026-08-16 09:01:24,227 | INFO | faster_whisper | VAD filter removed 00:00.000 of audio
2026-08-16 09:01:26,273 | INFO | assistant | Recognized speech: then...
2026-08-16 09:01:26,274 | INFO | tts | Speaking: Sorry, I didn't understand that command.
2026-08-16 09:01:34,081 | INFO | faster_whisper | Processing audio with duration 00:03.600
2026-08-16 09:01:34,093 | INFO | faster_whisper | VAD filter removed 00:00.000 of audio
2026-08-16 09:01:35,479 | INFO | assistant | Recognized speech: sorry, i didn't understand that command.
2026-08-16 09:01:35,479 | INFO | tts | Speaking: Sorry, I didn't understand that command.
2026-08-16 09:02:01,920 | INFO | faster_whisper | Processing audio with duration 00:01.200
2026-08-16 09:02:01,924 | INFO | faster_whisper | VAD filter removed 00:00.000 of audio
2026-08-16 09:02:03,207 | INFO | assistant | Recognized speech: hello.
2026-08-16 09:02:03,238 | INFO | tts | Speaking: Sorry, I didn't understand that command.
2026-08-16 09:02:13,307 | INFO | assistant | Assistant stopped.
2026-08-16 09:03:06,039 | INFO | comtypes.client._code_cache | Imported existing <module 'comtypes.gen' from 'C:\\Users\\DELL\\OneDrive\\Desktop\\offline_voice_assistant\\.venv\\lib\\site-packages\\comtypes\\gen\\__init__.py'>
2026-08-16 09:03:06,040 | INFO | comtypes.client._code_cache | Using writeable comtypes cache directory: 'C:\Users\DELL\OneDrive\Desktop\offline_voice_assistant\.venv\lib\site-packages\comtypes\gen'
2026-08-16 09:03:06,179 | INFO | tts | Selected TTS voice: Microsoft Hazel Desktop - English (Great Britain)
2026-08-16 09:03:07,188 | INFO | httpx | HTTP Request: GET https://huggingface.co/api/models/Systran/faster-whisper-base.en/revision/main "HTTP/1.1 200 OK"
2026-08-16 09:03:48,413 | INFO | faster_whisper | Processing audio with duration 00:01.040
2026-08-16 09:03:48,488 | INFO | faster_whisper | VAD filter removed 00:01.040 of audio
2026-08-16 09:03:50,557 | INFO | faster_whisper | Processing audio with duration 00:01.040
2026-08-16 09:03:50,562 | INFO | faster_whisper | VAD filter removed 00:01.040 of audio
2026-08-16 09:03:52,558 | INFO | faster_whisper | Processing audio with duration 00:01.280
2026-08-16 09:03:52,563 | INFO | faster_whisper | VAD filter removed 00:00.000 of audio
2026-08-16 09:03:53,719 | INFO | assistant | Recognized speech: hello
2026-08-16 09:03:53,720 | INFO | tts | Speaking: Hey! I'm here. What do you need?
2026-08-16 09:03:59,287 | INFO | faster_whisper | Processing audio with duration 00:04.480
2026-08-16 09:03:59,300 | INFO | faster_whisper | VAD filter removed 00:00.000 of audio
2026-08-16 09:04:00,653 | INFO | assistant | Recognized speech: hey, i'm here. what do you need?
2026-08-16 09:04:00,656 | INFO | tts | Speaking: Sorry, I didn't understand that command.
2026-08-16 09:04:03,149 | INFO | faster_whisper | Processing audio with duration 00:01.120
2026-08-16 09:04:03,154 | INFO | faster_whisper | VAD filter removed 00:00.000 of audio
2026-08-16 09:04:06,115 | INFO | assistant | Recognized speech: okay. okay. okay. okay. okay. okay. okay. okay. okay. okay. okay. okay. okay. okay. okay. okay. okay. okay. okay. okay. okay. okay. okay. okay. okay. okay. okay.
2026-08-16 09:04:06,115 | INFO | tts | Speaking: Sorry, I didn't understand that command.
2026-08-16 09:04:15,718 | INFO | assistant | Assistant stopped.
2026-08-16 09:14:09,364 | INFO | comtypes.client._code_cache | Imported existing <module 'comtypes.gen' from 'C:\\Users\\DELL\\OneDrive\\Desktop\\offline_voice_assistant\\.venv\\lib\\site-packages\\comtypes\\gen\\__init__.py'>
2026-08-16 09:14:09,366 | INFO | comtypes.client._code_cache | Using writeable comtypes cache directory: 'C:\Users\DELL\OneDrive\Desktop\offline_voice_assistant\.venv\lib\site-packages\comtypes\gen'
2026-08-16 09:14:09,699 | INFO | tts | Selected TTS voice: Microsoft Hazel Desktop - English (Great Britain)
2026-08-16 09:14:10,920 | INFO | httpx | HTTP Request: GET https://huggingface.co/api/models/Systran/faster-whisper-base.en/revision/main "HTTP/1.1 200 OK"
2026-08-16 09:14:34,853 | INFO | faster_whisper | Processing audio with duration 00:01.040
2026-08-16 09:14:35,093 | INFO | faster_whisper | VAD filter removed 00:01.040 of audio
2026-08-16 09:14:37,408 | INFO | faster_whisper | Processing audio with duration 00:01.200
2026-08-16 09:14:37,413 | INFO | faster_whisper | VAD filter removed 00:00.000 of audio
2026-08-16 09:14:39,004 | INFO | assistant | Recognized speech: hello
2026-08-16 09:14:39,011 | INFO | whisper | Microphone capture paused.
2026-08-16 09:14:39,011 | INFO | tts | Speaking: Hey! I'm here. What do you need?
2026-08-16 09:14:46,398 | INFO | whisper | Microphone capture resumed.
2026-08-16 09:14:49,766 | INFO | faster_whisper | Processing audio with duration 00:01.840
2026-08-16 09:14:49,772 | INFO | faster_whisper | VAD filter removed 00:00.000 of audio
2026-08-16 09:14:51,283 | INFO | assistant | Recognized speech: open chrome.
2026-08-16 09:14:51,422 | INFO | safety | Opened application 'chrome'
2026-08-16 09:14:51,422 | INFO | whisper | Microphone capture paused.
2026-08-16 09:14:51,422 | INFO | tts | Speaking: Opening Chrome.
2026-08-16 09:14:53,166 | INFO | whisper | Microphone capture resumed.
2026-08-16 09:15:04,234 | INFO | faster_whisper | Processing audio with duration 00:01.040
2026-08-16 09:15:04,239 | INFO | faster_whisper | VAD filter removed 00:01.040 of audio
2026-08-16 09:15:09,884 | INFO | whisper | Whisper microphone closed.
2026-08-16 09:15:09,885 | INFO | whisper | Whisper microphone closed.
2026-08-16 09:15:09,899 | INFO | assistant | Assistant stopped.
2026-08-16 09:18:18,910 | INFO | comtypes.client._code_cache | Imported existing <module 'comtypes.gen' from 'C:\\Users\\DELL\\OneDrive\\Desktop\\offline_voice_assistant\\.venv\\lib\\site-packages\\comtypes\\gen\\__init__.py'>
2026-08-16 09:18:18,911 | INFO | comtypes.client._code_cache | Using writeable comtypes cache directory: 'C:\Users\DELL\OneDrive\Desktop\offline_voice_assistant\.venv\lib\site-packages\comtypes\gen'
2026-08-16 09:18:19,056 | INFO | tts | Selected female voice: Microsoft Hazel Desktop - English (Great Britain)
2026-08-16 09:18:20,299 | INFO | httpx | HTTP Request: GET https://huggingface.co/api/models/Systran/faster-whisper-base.en/revision/main "HTTP/1.1 200 OK"
2026-08-16 09:18:31,571 | INFO | faster_whisper | Processing audio with duration 00:01.680
2026-08-16 09:18:31,834 | INFO | faster_whisper | VAD filter removed 00:01.680 of audio
2026-08-16 09:18:33,772 | INFO | faster_whisper | Processing audio with duration 00:01.280
2026-08-16 09:18:33,776 | INFO | faster_whisper | VAD filter removed 00:00.000 of audio
2026-08-16 09:18:35,224 | INFO | assistant | Recognized speech: hello
2026-08-16 09:18:35,225 | INFO | whisper | Microphone capture paused.
2026-08-16 09:18:35,225 | INFO | tts | Speaking: Hey! I'm here. What do you need?
2026-08-16 09:18:40,533 | INFO | whisper | Microphone capture resumed.
2026-08-16 09:18:45,161 | INFO | faster_whisper | Processing audio with duration 00:01.760
2026-08-16 09:18:45,170 | INFO | faster_whisper | VAD filter removed 00:00.000 of audio
2026-08-16 09:18:46,578 | INFO | assistant | Recognized speech: open chrome.
2026-08-16 09:18:46,737 | INFO | safety | Opened application 'chrome'
2026-08-16 09:18:46,738 | INFO | whisper | Microphone capture paused.
2026-08-16 09:18:46,738 | INFO | tts | Speaking: Opening Chrome.
2026-08-16 09:18:50,036 | INFO | whisper | Microphone capture resumed.
2026-08-16 09:18:54,758 | INFO | faster_whisper | Processing audio with duration 00:01.440
2026-08-16 09:18:54,766 | INFO | faster_whisper | VAD filter removed 00:00.000 of audio
2026-08-16 09:18:56,117 | INFO | assistant | Recognized speech: exit.
2026-08-16 09:18:56,119 | INFO | whisper | Microphone capture paused.
2026-08-16 09:18:56,120 | INFO | tts | Speaking: Sorry, I didn't understand that command.
2026-08-16 09:19:00,618 | INFO | whisper | Microphone capture resumed.
2026-08-16 09:19:02,804 | INFO | faster_whisper | Processing audio with duration 00:01.680
2026-08-16 09:19:02,812 | INFO | faster_whisper | VAD filter removed 00:00.000 of audio
2026-08-16 09:19:04,252 | INFO | assistant | Recognized speech: close chrome.
2026-08-16 09:19:04,253 | INFO | whisper | Microphone capture paused.
2026-08-16 09:19:04,254 | INFO | tts | Speaking: Sorry, I didn't understand that command.
2026-08-16 09:19:08,619 | INFO | whisper | Microphone capture resumed.
2026-08-16 09:19:10,752 | INFO | faster_whisper | Processing audio with duration 00:01.040
2026-08-16 09:19:10,755 | INFO | faster_whisper | VAD filter removed 00:01.040 of audio
2026-08-16 09:19:11,434 | INFO | whisper | Whisper microphone closed.
2026-08-16 09:19:11,435 | INFO | whisper | Whisper microphone closed.
2026-08-16 09:19:11,449 | INFO | assistant | Assistant stopped.
2026-08-16 09:24:21,140 | INFO | comtypes.client._code_cache | Imported existing <module 'comtypes.gen' from 'C:\\Users\\DELL\\OneDrive\\Desktop\\offline_voice_assistant\\.venv\\lib\\site-packages\\comtypes\\gen\\__init__.py'>
2026-08-16 09:24:21,142 | INFO | comtypes.client._code_cache | Using writeable comtypes cache directory: 'C:\Users\DELL\OneDrive\Desktop\offline_voice_assistant\.venv\lib\site-packages\comtypes\gen'
2026-08-16 09:24:21,305 | INFO | tts | Selected female voice: Microsoft Hazel Desktop - English (Great Britain)
2026-08-16 09:24:22,492 | INFO | httpx | HTTP Request: GET https://huggingface.co/api/models/Systran/faster-whisper-base.en/revision/main "HTTP/1.1 200 OK"
2026-08-16 09:24:31,426 | INFO | faster_whisper | Processing audio with duration 00:01.120
2026-08-16 09:24:31,625 | INFO | faster_whisper | VAD filter removed 00:01.120 of audio
2026-08-16 09:24:48,069 | INFO | faster_whisper | Processing audio with duration 00:02.080
2026-08-16 09:24:48,074 | INFO | faster_whisper | VAD filter removed 00:00.240 of audio
2026-08-16 09:24:49,579 | INFO | assistant | Recognized speech: open chrome.
2026-08-16 09:24:49,673 | INFO | safety | Opened application 'chrome'
2026-08-16 09:24:49,677 | INFO | whisper | Microphone capture paused.
2026-08-16 09:24:49,677 | INFO | tts | Speaking: Opening Chrome.
2026-08-16 09:24:56,072 | INFO | whisper | Microphone capture resumed.
2026-08-16 09:25:00,738 | INFO | faster_whisper | Processing audio with duration 00:01.680
2026-08-16 09:25:00,746 | INFO | faster_whisper | VAD filter removed 00:00.000 of audio
2026-08-16 09:25:02,141 | INFO | assistant | Recognized speech: opening group.
2026-08-16 09:25:02,142 | INFO | whisper | Microphone capture paused.
2026-08-16 09:25:02,143 | INFO | tts | Speaking: Sorry, I didn't understand that command.
2026-08-16 09:25:06,797 | INFO | whisper | Microphone capture resumed.
2026-08-16 09:25:08,217 | INFO | faster_whisper | Processing audio with duration 00:01.360
2026-08-16 09:25:08,222 | INFO | faster_whisper | VAD filter removed 00:00.000 of audio
2026-08-16 09:25:10,052 | INFO | assistant | Recognized speech: that's it.
2026-08-16 09:25:10,054 | INFO | whisper | Microphone capture paused.
2026-08-16 09:25:10,055 | INFO | tts | Speaking: Sorry, I didn't understand that command.
2026-08-16 09:25:14,828 | INFO | whisper | Microphone capture resumed.
2026-08-16 09:25:19,495 | INFO | faster_whisper | Processing audio with duration 00:01.040
2026-08-16 09:25:19,499 | INFO | faster_whisper | VAD filter removed 00:01.040 of audio
2026-08-16 09:25:21,090 | INFO | faster_whisper | Processing audio with duration 00:01.600
2026-08-16 09:25:21,095 | INFO | faster_whisper | VAD filter removed 00:00.208 of audio
2026-08-16 09:25:22,675 | INFO | assistant | Recognized speech: opening right now.
2026-08-16 09:25:22,677 | INFO | whisper | Microphone capture paused.
2026-08-16 09:25:22,677 | INFO | tts | Speaking: Sorry, I didn't understand that command.
2026-08-16 09:25:27,683 | INFO | whisper | Microphone capture resumed.
2026-08-16 09:25:30,859 | INFO | faster_whisper | Processing audio with duration 00:01.040
2026-08-16 09:25:30,863 | INFO | faster_whisper | VAD filter removed 00:01.040 of audio
2026-08-16 09:25:32,035 | INFO | faster_whisper | Processing audio with duration 00:01.040
2026-08-16 09:25:32,040 | INFO | faster_whisper | VAD filter removed 00:01.040 of audio
2026-08-16 09:25:33,037 | INFO | faster_whisper | Processing audio with duration 00:00.960
2026-08-16 09:25:33,043 | INFO | faster_whisper | VAD filter removed 00:00.960 of audio
2026-08-16 09:25:34,705 | INFO | faster_whisper | Processing audio with duration 00:01.040
2026-08-16 09:25:34,711 | INFO | faster_whisper | VAD filter removed 00:01.040 of audio
2026-08-16 09:25:35,492 | INFO | faster_whisper | Processing audio with duration 00:00.800
2026-08-16 09:25:35,495 | INFO | faster_whisper | VAD filter removed 00:00.800 of audio
2026-08-16 09:25:37,137 | INFO | whisper | Whisper microphone closed.
2026-08-16 09:25:37,139 | INFO | whisper | Whisper microphone closed.
2026-08-16 09:25:37,152 | INFO | assistant | Assistant stopped.
2026-08-16 09:33:07,000 | INFO | comtypes.client._code_cache | Imported existing <module 'comtypes.gen' from 'C:\\Users\\DELL\\OneDrive\\Desktop\\offline_voice_assistant\\.venv\\lib\\site-packages\\comtypes\\gen\\__init__.py'>
2026-08-16 09:33:07,008 | INFO | comtypes.client._code_cache | Using writeable comtypes cache directory: 'C:\Users\DELL\OneDrive\Desktop\offline_voice_assistant\.venv\lib\site-packages\comtypes\gen'
2026-08-16 09:33:07,304 | INFO | tts | Selected female voice: Microsoft Hazel Desktop - English (Great Britain)
2026-08-16 09:33:09,061 | INFO | httpx | HTTP Request: GET https://huggingface.co/api/models/Systran/faster-whisper-base.en/revision/main "HTTP/1.1 200 OK"
2026-08-16 09:33:37,058 | INFO | faster_whisper | Processing audio with duration 00:02.240
2026-08-16 09:33:37,191 | INFO | faster_whisper | VAD filter removed 00:00.304 of audio
2026-08-16 09:33:39,314 | INFO | assistant | Recognized speech: opening whatsapp.
2026-08-16 09:33:39,318 | INFO | whisper | Microphone capture paused.
2026-08-16 09:33:39,318 | INFO | tts | Speaking: Sorry, I didn't understand that command.
2026-08-16 09:33:47,212 | INFO | whisper | Microphone capture resumed.
2026-08-16 09:33:59,241 | INFO | faster_whisper | Processing audio with duration 00:05.200
2026-08-16 09:33:59,268 | INFO | faster_whisper | VAD filter removed 00:00.336 of audio
2026-08-16 09:34:01,103 | INFO | assistant | Recognized speech: i couldn't find an open word. sorry, i guarantee you understand that command window.
2026-08-16 09:34:01,105 | INFO | whisper | Microphone capture paused.
2026-08-16 09:34:01,105 | INFO | tts | Speaking: Sorry, I didn't understand that command.
2026-08-16 09:34:05,685 | INFO | whisper | Microphone capture resumed.
2026-08-16 09:34:08,109 | INFO | faster_whisper | Processing audio with duration 00:01.680
2026-08-16 09:34:08,115 | INFO | faster_whisper | VAD filter removed 00:00.112 of audio
2026-08-16 09:34:09,668 | INFO | assistant | Recognized speech: i couldn't find an open.
2026-08-16 09:34:09,669 | INFO | whisper | Microphone capture paused.
2026-08-16 09:34:09,669 | INFO | tts | Speaking: Sorry, I didn't understand that command.
2026-08-16 09:34:14,066 | INFO | whisper | Microphone capture resumed.
2026-08-16 09:34:15,317 | INFO | faster_whisper | Processing audio with duration 00:01.200
2026-08-16 09:34:15,323 | INFO | faster_whisper | VAD filter removed 00:00.000 of audio
2026-08-16 09:34:18,859 | INFO | assistant | Recognized speech: okay. okay. okay. okay. okay. okay. okay. okay. okay. okay. okay. okay. okay. okay. okay. okay. okay. okay. okay. okay. okay. okay. okay. okay. okay. okay. okay. okay. okay.
2026-08-16 09:34:18,860 | INFO | whisper | Microphone capture paused.
2026-08-16 09:34:18,860 | INFO | tts | Speaking: Sorry, I didn't understand that command.
2026-08-16 09:34:23,253 | INFO | whisper | Microphone capture resumed.
2026-08-16 09:34:25,524 | INFO | faster_whisper | Processing audio with duration 00:01.680
2026-08-16 09:34:25,541 | INFO | faster_whisper | VAD filter removed 00:01.680 of audio
2026-08-16 09:34:27,980 | INFO | faster_whisper | Processing audio with duration 00:02.240
2026-08-16 09:34:27,991 | INFO | faster_whisper | VAD filter removed 00:00.272 of audio
2026-08-16 09:34:29,611 | INFO | assistant | Recognized speech: thank you so much for watching!
2026-08-16 09:34:29,613 | INFO | whisper | Microphone capture paused.
2026-08-16 09:34:29,613 | INFO | tts | Speaking: Sorry, I didn't understand that command.
2026-08-16 09:34:34,548 | INFO | whisper | Microphone capture resumed.
2026-08-16 09:34:39,986 | INFO | faster_whisper | Processing audio with duration 00:03.600
2026-08-16 09:34:40,003 | INFO | faster_whisper | VAD filter removed 00:00.000 of audio
2026-08-16 09:34:43,747 | INFO | assistant | Recognized speech: okay. okay. okay. okay. okay. okay. okay. okay. okay. okay. okay. okay. okay. okay. okay. okay. okay. okay. okay. okay. okay. okay. okay. okay. okay. okay. okay.
2026-08-16 09:34:43,748 | INFO | whisper | Microphone capture paused.
2026-08-16 09:34:43,749 | INFO | tts | Speaking: Sorry, I didn't understand that command.
2026-08-16 09:34:48,133 | INFO | whisper | Microphone capture resumed.
2026-08-16 09:34:53,347 | INFO | faster_whisper | Processing audio with duration 00:03.040
2026-08-16 09:34:53,354 | INFO | faster_whisper | VAD filter removed 00:00.000 of audio
2026-08-16 09:34:54,754 | INFO | assistant | Recognized speech: i'll leave a hand on it, but here we go. 9x9.
2026-08-16 09:34:54,755 | INFO | whisper | Microphone capture paused.
2026-08-16 09:34:54,755 | INFO | tts | Speaking: Sorry, I didn't understand that command.
2026-08-16 09:34:59,353 | INFO | whisper | Microphone capture resumed.
2026-08-16 09:35:05,786 | INFO | faster_whisper | Processing audio with duration 00:01.840
2026-08-16 09:35:05,794 | INFO | faster_whisper | VAD filter removed 00:00.000 of audio
2026-08-16 09:35:07,159 | INFO | assistant | Recognized speech: open whatsapp.
2026-08-16 09:35:07,683 | INFO | safety | Open application 'whatsapp': Opening WhatsApp.
2026-08-16 09:35:07,691 | INFO | whisper | Microphone capture paused.
2026-08-16 09:35:07,691 | INFO | tts | Speaking: Opening WhatsApp.
2026-08-16 09:35:11,058 | INFO | whisper | Microphone capture resumed.
2026-08-16 09:35:12,001 | INFO | faster_whisper | Processing audio with duration 00:00.880
2026-08-16 09:35:12,005 | INFO | faster_whisper | VAD filter removed 00:00.000 of audio
2026-08-16 09:35:13,363 | INFO | assistant | Recognized speech: stop.
2026-08-16 09:35:13,364 | INFO | whisper | Microphone capture paused.
2026-08-16 09:35:13,364 | INFO | tts | Speaking: Sorry, I didn't understand that command.
2026-08-16 09:35:17,753 | INFO | whisper | Microphone capture resumed.
2026-08-16 09:35:24,972 | INFO | faster_whisper | Processing audio with duration 00:05.600
2026-08-16 09:35:24,994 | INFO | faster_whisper | VAD filter removed 00:01.264 of audio
2026-08-16 09:35:26,752 | INFO | assistant | Recognized speech: i have to get in my hair. i have to get in.
2026-08-16 09:35:26,754 | INFO | whisper | Microphone capture paused.
2026-08-16 09:35:26,754 | INFO | tts | Speaking: Sorry, I didn't understand that command.
2026-08-16 09:35:31,398 | INFO | whisper | Microphone capture resumed.
2026-08-16 09:35:32,442 | INFO | whisper | Whisper microphone closed.
2026-08-16 09:35:32,444 | INFO | whisper | Whisper microphone closed.
2026-08-16 09:35:32,467 | INFO | assistant | Assistant stopped.
2026-08-16 09:36:03,039 | INFO | comtypes.client._code_cache | Imported existing <module 'comtypes.gen' from 'C:\\Users\\DELL\\OneDrive\\Desktop\\offline_voice_assistant\\.venv\\lib\\site-packages\\comtypes\\gen\\__init__.py'>
2026-08-16 09:36:03,039 | INFO | comtypes.client._code_cache | Using writeable comtypes cache directory: 'C:\Users\DELL\OneDrive\Desktop\offline_voice_assistant\.venv\lib\site-packages\comtypes\gen'
2026-08-16 09:36:03,259 | INFO | tts | Selected female voice: Microsoft Hazel Desktop - English (Great Britain)
2026-08-16 09:36:04,865 | INFO | httpx | HTTP Request: GET https://huggingface.co/api/models/Systran/faster-whisper-base.en/revision/main "HTTP/1.1 200 OK"
2026-08-16 09:36:08,871 | INFO | faster_whisper | Processing audio with duration 00:01.120
2026-08-16 09:36:08,967 | INFO | faster_whisper | VAD filter removed 00:01.120 of audio
2026-08-16 09:36:25,088 | INFO | faster_whisper | Processing audio with duration 00:01.040
2026-08-16 09:36:25,093 | INFO | faster_whisper | VAD filter removed 00:00.000 of audio
2026-08-16 09:36:26,734 | INFO | assistant | Recognized speech: we mainly managed to be able to
2026-08-16 09:36:26,755 | INFO | whisper | Microphone capture paused.
2026-08-16 09:36:26,755 | INFO | tts | Speaking: Sorry, I didn't understand that command.
2026-08-16 09:36:31,368 | INFO | whisper | Microphone capture resumed.
2026-08-16 09:36:33,565 | INFO | faster_whisper | Processing audio with duration 00:02.000
2026-08-16 09:36:33,572 | INFO | faster_whisper | VAD filter removed 00:00.000 of audio
2026-08-16 09:36:34,980 | INFO | assistant | Recognized speech: minimizing window.
2026-08-16 09:36:34,980 | INFO | whisper | Microphone capture paused.
2026-08-16 09:36:34,982 | INFO | tts | Speaking: Sorry, I didn't understand that command.
2026-08-16 09:36:39,530 | INFO | whisper | Microphone capture resumed.
2026-08-16 09:36:42,825 | INFO | faster_whisper | Processing audio with duration 00:01.760
2026-08-16 09:36:42,830 | INFO | faster_whisper | VAD filter removed 00:00.000 of audio
2026-08-16 09:36:44,217 | INFO | assistant | Recognized speech: minimizing window.
2026-08-16 09:36:44,218 | INFO | whisper | Microphone capture paused.
2026-08-16 09:36:44,219 | INFO | tts | Speaking: Sorry, I didn't understand that command.
2026-08-16 09:36:48,527 | INFO | whisper | Microphone capture resumed.
2026-08-16 09:36:51,020 | INFO | faster_whisper | Processing audio with duration 00:01.440
2026-08-16 09:36:51,029 | INFO | faster_whisper | VAD filter removed 00:01.440 of audio
2026-08-16 09:36:52,659 | INFO | whisper | Whisper microphone closed.
2026-08-16 09:36:52,662 | INFO | whisper | Whisper microphone closed.
2026-08-16 09:36:52,676 | INFO | assistant | Assistant stopped.
2026-08-16 09:37:27,318 | INFO | comtypes.client._code_cache | Imported existing <module 'comtypes.gen' from 'C:\\Users\\DELL\\OneDrive\\Desktop\\offline_voice_assistant\\.venv\\lib\\site-packages\\comtypes\\gen\\__init__.py'>
2026-08-16 09:37:27,318 | INFO | comtypes.client._code_cache | Using writeable comtypes cache directory: 'C:\Users\DELL\OneDrive\Desktop\offline_voice_assistant\.venv\lib\site-packages\comtypes\gen'
2026-08-16 09:37:27,467 | INFO | tts | Selected female voice: Microsoft Hazel Desktop - English (Great Britain)
2026-08-16 09:37:28,940 | INFO | httpx | HTTP Request: GET https://huggingface.co/api/models/Systran/faster-whisper-base.en/revision/main "HTTP/1.1 200 OK"
2026-08-16 09:37:38,469 | WARNING | whisper | Audio status: input overflow
2026-08-16 09:41:44,266 | INFO | comtypes.client._code_cache | Imported existing <module 'comtypes.gen' from 'C:\\Users\\DELL\\OneDrive\\Desktop\\offline_voice_assistant\\.venv\\lib\\site-packages\\comtypes\\gen\\__init__.py'>
2026-08-16 09:41:44,266 | INFO | comtypes.client._code_cache | Using writeable comtypes cache directory: 'C:\Users\DELL\OneDrive\Desktop\offline_voice_assistant\.venv\lib\site-packages\comtypes\gen'
2026-08-16 09:41:44,411 | INFO | tts | Selected female voice: Microsoft Hazel Desktop - English (Great Britain)
2026-08-16 09:41:45,655 | INFO | httpx | HTTP Request: GET https://huggingface.co/api/models/Systran/faster-whisper-base.en/revision/main "HTTP/1.1 200 OK"
2026-08-16 09:41:46,600 | ERROR | assistant | Startup failed
Traceback (most recent call last):
  File "C:\Users\DELL\OneDrive\Desktop\offline_voice_assistant\main_whisper.py", line 154, in main
    recognizer = WhisperSpeechRecognizer()
  File "C:\Users\DELL\OneDrive\Desktop\offline_voice_assistant\whisper_speech.py", line 68, in __init__
    self._calibrate_threshold()
  File "C:\Users\DELL\OneDrive\Desktop\offline_voice_assistant\whisper_speech.py", line 185, in _calibrate_threshold
    with sd.InputStream(
  File "C:\Users\DELL\OneDrive\Desktop\offline_voice_assistant\.venv\lib\site-packages\sounddevice.py", line 1457, in __init__
    _StreamBase.__init__(self, kind='input', wrap_callback='array',
  File "C:\Users\DELL\OneDrive\Desktop\offline_voice_assistant\.venv\lib\site-packages\sounddevice.py", line 914, in __init__
    _check(_lib.Pa_OpenStream(self._ptr, iparameters, oparameters,
  File "C:\Users\DELL\OneDrive\Desktop\offline_voice_assistant\.venv\lib\site-packages\sounddevice.py", line 2836, in _check
    raise PortAudioError(errormsg, err, hosterror_info)
sounddevice.PortAudioError: Error opening InputStream: Unanticipated host error [PaErrorCode -9999]: 'Undefined external error.' [MME error 1]
2026-08-16 09:42:00,886 | INFO | comtypes.client._code_cache | Imported existing <module 'comtypes.gen' from 'C:\\Users\\DELL\\OneDrive\\Desktop\\offline_voice_assistant\\.venv\\lib\\site-packages\\comtypes\\gen\\__init__.py'>
2026-08-16 09:42:00,887 | INFO | comtypes.client._code_cache | Using writeable comtypes cache directory: 'C:\Users\DELL\OneDrive\Desktop\offline_voice_assistant\.venv\lib\site-packages\comtypes\gen'
2026-08-16 09:42:01,022 | INFO | tts | Selected female voice: Microsoft Hazel Desktop - English (Great Britain)
2026-08-16 09:42:02,043 | INFO | httpx | HTTP Request: GET https://huggingface.co/api/models/Systran/faster-whisper-base.en/revision/main "HTTP/1.1 200 OK"
2026-08-16 09:42:02,852 | ERROR | assistant | Startup failed
Traceback (most recent call last):
  File "C:\Users\DELL\OneDrive\Desktop\offline_voice_assistant\main_whisper.py", line 154, in main
    recognizer = WhisperSpeechRecognizer()
  File "C:\Users\DELL\OneDrive\Desktop\offline_voice_assistant\whisper_speech.py", line 68, in __init__
    self._calibrate_threshold()
  File "C:\Users\DELL\OneDrive\Desktop\offline_voice_assistant\whisper_speech.py", line 185, in _calibrate_threshold
    with sd.InputStream(
  File "C:\Users\DELL\OneDrive\Desktop\offline_voice_assistant\.venv\lib\site-packages\sounddevice.py", line 1457, in __init__
    _StreamBase.__init__(self, kind='input', wrap_callback='array',
  File "C:\Users\DELL\OneDrive\Desktop\offline_voice_assistant\.venv\lib\site-packages\sounddevice.py", line 914, in __init__
    _check(_lib.Pa_OpenStream(self._ptr, iparameters, oparameters,
  File "C:\Users\DELL\OneDrive\Desktop\offline_voice_assistant\.venv\lib\site-packages\sounddevice.py", line 2836, in _check
    raise PortAudioError(errormsg, err, hosterror_info)
sounddevice.PortAudioError: Error opening InputStream: Unanticipated host error [PaErrorCode -9999]: 'Undefined external error.' [MME error 1]
2026-08-16 09:43:18,574 | INFO | comtypes.client._code_cache | Imported existing <module 'comtypes.gen' from 'C:\\Users\\DELL\\OneDrive\\Desktop\\offline_voice_assistant\\.venv\\lib\\site-packages\\comtypes\\gen\\__init__.py'>
2026-08-16 09:43:18,575 | INFO | comtypes.client._code_cache | Using writeable comtypes cache directory: 'C:\Users\DELL\OneDrive\Desktop\offline_voice_assistant\.venv\lib\site-packages\comtypes\gen'
2026-08-16 09:43:18,779 | INFO | tts | Selected female voice: Microsoft Hazel Desktop - English (Great Britain)
2026-08-16 09:43:19,968 | INFO | httpx | HTTP Request: GET https://huggingface.co/api/models/Systran/faster-whisper-base.en/revision/main "HTTP/1.1 200 OK"
2026-08-16 09:43:26,911 | INFO | faster_whisper | Processing audio with duration 00:01.200
2026-08-16 09:43:27,185 | INFO | faster_whisper | VAD filter removed 00:00.000 of audio
2026-08-16 09:43:30,816 | INFO | assistant | Recognized speech: and that's it. yeah. yeah. yeah. yeah. yeah. yeah. yeah. yeah. yeah. yeah. yeah. yeah. yeah. yeah. yeah. yeah. yeah. yeah. yeah. yeah. yeah. yeah. yeah. yeah. yeah. yeah.
2026-08-16 09:43:30,819 | INFO | whisper | Microphone capture paused.
2026-08-16 09:43:30,819 | INFO | tts | Speaking: Sorry, I didn't understand that command.
2026-08-16 09:43:35,838 | INFO | whisper | Microphone capture resumed.
2026-08-16 09:43:38,316 | INFO | faster_whisper | Processing audio with duration 00:01.760
2026-08-16 09:43:38,340 | INFO | faster_whisper | VAD filter removed 00:00.000 of audio
2026-08-16 09:43:39,636 | INFO | assistant | Recognized speech: minimize window
2026-08-16 09:43:39,667 | INFO | safety | Minimize window 'window': Minimizing window.
2026-08-16 09:43:39,691 | INFO | whisper | Microphone capture paused.
2026-08-16 09:43:39,693 | INFO | tts | Speaking: Minimizing window.
2026-08-16 09:43:42,807 | INFO | whisper | Microphone capture resumed.
2026-08-16 09:43:46,826 | INFO | faster_whisper | Processing audio with duration 00:02.000
2026-08-16 09:43:46,853 | INFO | faster_whisper | VAD filter removed 00:00.000 of audio
2026-08-16 09:43:48,260 | INFO | assistant | Recognized speech: minimize chrome
2026-08-16 09:43:48,277 | INFO | safety | Minimize window 'chrome': Minimizing chrome.
2026-08-16 09:43:48,278 | INFO | whisper | Microphone capture paused.
2026-08-16 09:43:48,279 | INFO | tts | Speaking: Minimizing chrome.
2026-08-16 09:43:51,435 | INFO | whisper | Microphone capture resumed.
2026-08-16 09:43:54,654 | INFO | faster_whisper | Processing audio with duration 00:01.600
2026-08-16 09:43:54,661 | INFO | faster_whisper | VAD filter removed 00:00.000 of audio
2026-08-16 09:43:55,989 | INFO | assistant | Recognized speech: minimize
2026-08-16 09:43:55,990 | INFO | whisper | Microphone capture paused.
2026-08-16 09:43:55,991 | INFO | tts | Speaking: Sorry, I didn't understand that command.
2026-08-16 09:44:00,428 | INFO | whisper | Microphone capture resumed.
2026-08-16 09:44:07,600 | INFO | faster_whisper | Processing audio with duration 00:01.520
2026-08-16 09:44:07,604 | INFO | faster_whisper | VAD filter removed 00:00.000 of audio
2026-08-16 09:44:08,862 | INFO | assistant | Recognized speech: sujekom
2026-08-16 09:44:08,863 | INFO | whisper | Microphone capture paused.
2026-08-16 09:44:08,863 | INFO | tts | Speaking: Sorry, I didn't understand that command.
2026-08-16 09:44:13,136 | INFO | whisper | Microphone capture resumed.
2026-08-16 09:44:18,805 | INFO | faster_whisper | Processing audio with duration 00:01.680
2026-08-16 09:44:18,836 | INFO | faster_whisper | VAD filter removed 00:00.000 of audio
2026-08-16 09:44:20,100 | INFO | assistant | Recognized speech: closed setting.
2026-08-16 09:44:20,102 | INFO | whisper | Microphone capture paused.
2026-08-16 09:44:20,102 | INFO | tts | Speaking: Sorry, I didn't understand that command.
2026-08-16 09:44:24,451 | INFO | whisper | Microphone capture resumed.
2026-08-16 09:44:25,662 | INFO | faster_whisper | Processing audio with duration 00:01.120
2026-08-16 09:44:25,667 | INFO | faster_whisper | VAD filter removed 00:00.000 of audio
2026-08-16 09:44:26,892 | INFO | assistant | Recognized speech: settings.
2026-08-16 09:44:26,894 | INFO | whisper | Microphone capture paused.
2026-08-16 09:44:26,894 | INFO | tts | Speaking: Sorry, I didn't understand that command.
2026-08-16 09:44:31,274 | INFO | whisper | Microphone capture resumed.
2026-08-16 09:44:32,778 | INFO | faster_whisper | Processing audio with duration 00:01.440
2026-08-16 09:44:32,785 | INFO | faster_whisper | VAD filter removed 00:00.000 of audio
2026-08-16 09:44:33,981 | INFO | assistant | Recognized speech: my window.
2026-08-16 09:44:33,983 | INFO | whisper | Microphone capture paused.
2026-08-16 09:44:33,983 | INFO | tts | Speaking: Sorry, I didn't understand that command.
2026-08-16 09:44:38,321 | INFO | whisper | Microphone capture resumed.
2026-08-16 09:44:40,081 | INFO | faster_whisper | Processing audio with duration 00:01.680
2026-08-16 09:44:40,091 | INFO | faster_whisper | VAD filter removed 00:00.000 of audio
2026-08-16 09:44:41,388 | INFO | assistant | Recognized speech: closed window.
2026-08-16 09:44:41,389 | INFO | whisper | Microphone capture paused.
2026-08-16 09:44:41,389 | INFO | tts | Speaking: Sorry, I didn't understand that command.
2026-08-16 09:44:45,634 | INFO | whisper | Microphone capture resumed.
2026-08-16 09:44:52,780 | INFO | whisper | Whisper microphone closed.
2026-08-16 09:44:52,782 | INFO | whisper | Whisper microphone closed.
2026-08-16 09:44:52,809 | INFO | assistant | Assistant stopped.
2026-08-16 10:08:32,089 | INFO | comtypes.client._code_cache | Imported existing <module 'comtypes.gen' from 'C:\\Users\\DELL\\OneDrive\\Desktop\\offline_voice_assistant\\.venv\\lib\\site-packages\\comtypes\\gen\\__init__.py'>
2026-08-16 10:08:32,089 | INFO | comtypes.client._code_cache | Using writeable comtypes cache directory: 'C:\Users\DELL\OneDrive\Desktop\offline_voice_assistant\.venv\lib\site-packages\comtypes\gen'
2026-08-16 10:08:32,350 | INFO | tts | Selected female voice: Microsoft Hazel Desktop - English (Great Britain)
2026-08-16 10:08:33,436 | INFO | httpx | HTTP Request: GET https://huggingface.co/api/models/Systran/faster-whisper-base.en/revision/main "HTTP/1.1 200 OK"
2026-08-16 10:08:58,502 | INFO | faster_whisper | Processing audio with duration 00:01.120
2026-08-16 10:08:58,704 | INFO | faster_whisper | VAD filter removed 00:01.120 of audio
2026-08-16 10:09:38,440 | INFO | faster_whisper | Processing audio with duration 00:01.040
2026-08-16 10:09:38,442 | INFO | faster_whisper | VAD filter removed 00:00.000 of audio
2026-08-16 10:09:41,305 | INFO | assistant | Recognized speech: okay. okay. okay. okay. okay. okay. okay. okay. okay. okay. okay. okay. okay. okay. okay. okay. okay. okay. okay. okay. okay. okay. okay. okay. okay. okay. okay.
2026-08-16 10:09:41,307 | INFO | whisper | Microphone capture paused.
2026-08-16 10:09:41,307 | INFO | tts | Speaking: Sorry, I didn't understand that command.
2026-08-16 10:09:46,108 | INFO | whisper | Microphone capture resumed.
2026-08-16 10:09:49,885 | INFO | faster_whisper | Processing audio with duration 00:01.040
2026-08-16 10:09:49,886 | INFO | faster_whisper | VAD filter removed 00:01.040 of audio
2026-08-16 10:11:44,556 | INFO | faster_whisper | Processing audio with duration 00:01.280
2026-08-16 10:11:44,560 | INFO | faster_whisper | VAD filter removed 00:01.280 of audio
2026-08-16 10:11:54,603 | INFO | faster_whisper | Processing audio with duration 00:01.200
2026-08-16 10:11:54,606 | INFO | faster_whisper | VAD filter removed 00:01.200 of audio
2026-08-16 10:12:11,306 | INFO | faster_whisper | Processing audio with duration 00:01.120
2026-08-16 10:12:11,308 | INFO | faster_whisper | VAD filter removed 00:00.000 of audio
2026-08-16 10:12:12,215 | INFO | assistant | Recognized speech: okay.
2026-08-16 10:12:12,215 | INFO | whisper | Microphone capture paused.
2026-08-16 10:12:12,215 | INFO | tts | Speaking: Sorry, I didn't understand that command.
2026-08-16 10:12:16,422 | INFO | whisper | Microphone capture resumed.
2026-08-16 10:12:21,662 | INFO | whisper | Whisper microphone closed.
2026-08-16 10:12:21,684 | INFO | whisper | Whisper microphone closed.
2026-08-16 10:12:21,759 | INFO | assistant | Assistant stopped.
2026-08-16 23:23:44,163 | INFO | comtypes.client._code_cache | Imported existing <module 'comtypes.gen' from 'C:\\Users\\DELL\\OneDrive\\Desktop\\offline_voice_assistant\\.venv\\lib\\site-packages\\comtypes\\gen\\__init__.py'>
2026-08-16 23:23:44,164 | INFO | comtypes.client._code_cache | Using writeable comtypes cache directory: 'C:\Users\DELL\OneDrive\Desktop\offline_voice_assistant\.venv\lib\site-packages\comtypes\gen'
2026-08-16 23:23:44,763 | INFO | tts | Selected female voice: Microsoft Hazel Desktop - English (Great Britain)
2026-08-16 23:23:45,850 | INFO | tts | Speaking: Assistant ready.
2026-08-16 23:23:48,087 | INFO | speech | Microphone stream started.
2026-08-16 23:29:13,731 | INFO | speech | Microphone stream closed.
2026-08-16 23:29:13,744 | INFO | speech | Microphone stream closed.
2026-08-16 23:29:13,746 | INFO | assistant | Assistant stopped.
2026-08-16 23:29:33,602 | INFO | comtypes.client._code_cache | Imported existing <module 'comtypes.gen' from 'C:\\Users\\DELL\\OneDrive\\Desktop\\offline_voice_assistant\\.venv\\lib\\site-packages\\comtypes\\gen\\__init__.py'>
2026-08-16 23:29:33,603 | INFO | comtypes.client._code_cache | Using writeable comtypes cache directory: 'C:\Users\DELL\OneDrive\Desktop\offline_voice_assistant\.venv\lib\site-packages\comtypes\gen'
2026-08-16 23:29:33,886 | INFO | tts | Selected female voice: Microsoft Hazel Desktop - English (Great Britain)
2026-08-16 23:29:35,478 | INFO | httpx | HTTP Request: GET https://huggingface.co/api/models/Systran/faster-whisper-base.en/revision/main "HTTP/1.1 200 OK"
2026-08-16 23:29:46,391 | INFO | faster_whisper | Processing audio with duration 00:01.040
2026-08-16 23:29:46,691 | INFO | faster_whisper | VAD filter removed 00:01.040 of audio
2026-08-16 23:30:21,155 | INFO | faster_whisper | Processing audio with duration 00:01.040
2026-08-16 23:30:21,161 | INFO | faster_whisper | VAD filter removed 00:01.040 of audio
2026-08-16 23:30:24,401 | INFO | faster_whisper | Processing audio with duration 00:01.040
2026-08-16 23:30:24,406 | INFO | faster_whisper | VAD filter removed 00:01.040 of audio
2026-08-16 23:30:28,725 | INFO | faster_whisper | Processing audio with duration 00:01.040
2026-08-16 23:30:28,730 | INFO | faster_whisper | VAD filter removed 00:01.040 of audio
2026-08-16 23:30:51,052 | INFO | faster_whisper | Processing audio with duration 00:01.040
2026-08-16 23:30:51,057 | INFO | faster_whisper | VAD filter removed 00:01.040 of audio
2026-08-16 23:30:53,284 | INFO | faster_whisper | Processing audio with duration 00:01.040
2026-08-16 23:30:53,288 | INFO | faster_whisper | VAD filter removed 00:01.040 of audio
2026-08-16 23:31:04,181 | INFO | faster_whisper | Processing audio with duration 00:01.200
2026-08-16 23:31:04,188 | INFO | faster_whisper | VAD filter removed 00:01.200 of audio
2026-08-16 23:31:30,521 | INFO | faster_whisper | Processing audio with duration 00:01.040
2026-08-16 23:31:30,525 | INFO | faster_whisper | VAD filter removed 00:01.040 of audio
2026-08-16 23:31:31,254 | INFO | whisper | Whisper microphone closed.
2026-08-16 23:31:31,273 | INFO | whisper | Whisper microphone closed.
2026-08-16 23:31:31,282 | INFO | assistant | Assistant stopped.
2026-08-17 21:57:10,574 | INFO | comtypes.client._code_cache | Imported existing <module 'comtypes.gen' from 'C:\\Users\\DELL\\OneDrive\\Desktop\\offline_voice_assistant\\.venv\\lib\\site-packages\\comtypes\\gen\\__init__.py'>
2026-08-17 21:57:10,574 | INFO | comtypes.client._code_cache | Using writeable comtypes cache directory: 'C:\Users\DELL\OneDrive\Desktop\offline_voice_assistant\.venv\lib\site-packages\comtypes\gen'
2026-08-17 21:57:11,264 | INFO | tts | Selected female voice: Microsoft Hazel Desktop - English (Great Britain)
2026-08-17 21:57:12,792 | INFO | httpx | HTTP Request: GET https://huggingface.co/api/models/Systran/faster-whisper-base.en/revision/main "HTTP/1.1 200 OK"
2026-08-17 21:57:36,129 | INFO | faster_whisper | Processing audio with duration 00:01.120
2026-08-17 21:57:36,378 | INFO | faster_whisper | VAD filter removed 00:01.120 of audio
2026-08-17 21:57:43,069 | INFO | faster_whisper | Processing audio with duration 00:01.760
2026-08-17 21:57:43,071 | INFO | faster_whisper | VAD filter removed 00:00.016 of audio
2026-08-17 21:57:44,366 | INFO | assistant | Recognized speech: and volume up.
2026-08-17 21:57:44,371 | INFO | whisper | Microphone capture paused.
2026-08-17 21:57:44,371 | INFO | tts | Speaking: Sorry, I didn't understand that command.
2026-08-17 21:57:48,074 | INFO | whisper | Microphone capture resumed.
2026-08-17 21:57:49,620 | INFO | faster_whisper | Processing audio with duration 00:01.520
2026-08-17 21:57:49,623 | INFO | faster_whisper | VAD filter removed 00:00.000 of audio
2026-08-17 21:57:50,703 | INFO | assistant | Recognized speech: volume at the end.
2026-08-17 21:57:50,705 | INFO | whisper | Microphone capture paused.
2026-08-17 21:57:50,705 | INFO | tts | Speaking: Sorry, I didn't understand that command.
2026-08-17 21:57:54,279 | INFO | whisper | Microphone capture resumed.
2026-08-17 21:58:03,861 | INFO | faster_whisper | Processing audio with duration 00:01.120
2026-08-17 21:58:03,866 | INFO | faster_whisper | VAD filter removed 00:01.120 of audio
2026-08-17 21:58:05,709 | INFO | faster_whisper | Processing audio with duration 00:01.120
2026-08-17 21:58:05,711 | INFO | faster_whisper | VAD filter removed 00:01.120 of audio
2026-08-17 21:58:21,145 | INFO | faster_whisper | Processing audio with duration 00:02.160
2026-08-17 21:58:21,149 | INFO | faster_whisper | VAD filter removed 00:00.000 of audio
2026-08-17 21:58:22,781 | INFO | assistant | Recognized speech: increase volume.
2026-08-17 21:58:22,783 | INFO | whisper | Microphone capture paused.
2026-08-17 21:58:22,783 | INFO | tts | Speaking: Sorry, I didn't understand that command.
2026-08-17 21:58:26,513 | INFO | whisper | Microphone capture resumed.
2026-08-17 21:58:30,887 | INFO | whisper | Whisper microphone closed.
2026-08-17 21:58:30,889 | INFO | whisper | Whisper microphone closed.
2026-08-17 21:58:30,904 | INFO | assistant | Assistant stopped.
2026-08-17 21:58:56,578 | INFO | comtypes.client._code_cache | Imported existing <module 'comtypes.gen' from 'C:\\Users\\DELL\\OneDrive\\Desktop\\offline_voice_assistant\\.venv\\lib\\site-packages\\comtypes\\gen\\__init__.py'>
2026-08-17 21:58:56,578 | INFO | comtypes.client._code_cache | Using writeable comtypes cache directory: 'C:\Users\DELL\OneDrive\Desktop\offline_voice_assistant\.venv\lib\site-packages\comtypes\gen'
2026-08-17 21:58:56,761 | INFO | tts | Selected female voice: Microsoft Hazel Desktop - English (Great Britain)
2026-08-17 21:58:57,859 | INFO | httpx | HTTP Request: GET https://huggingface.co/api/models/Systran/faster-whisper-base.en/revision/main "HTTP/1.1 200 OK"
2026-08-17 21:59:01,207 | INFO | faster_whisper | Processing audio with duration 00:00.880
2026-08-17 21:59:01,391 | INFO | faster_whisper | VAD filter removed 00:00.880 of audio
2026-08-17 21:59:05,116 | INFO | faster_whisper | Processing audio with duration 00:03.040
2026-08-17 21:59:05,121 | INFO | faster_whisper | VAD filter removed 00:00.848 of audio
2026-08-17 21:59:07,011 | INFO | assistant | Recognized speech: increase volume.
2026-08-17 21:59:07,020 | INFO | whisper | Microphone capture paused.
2026-08-17 21:59:07,020 | INFO | tts | Speaking: Sorry, I didn't understand that command.
2026-08-17 21:59:10,733 | INFO | whisper | Microphone capture resumed.
2026-08-17 21:59:16,963 | INFO | faster_whisper | Processing audio with duration 00:02.160
2026-08-17 21:59:16,967 | INFO | faster_whisper | VAD filter removed 00:00.000 of audio
2026-08-17 21:59:18,866 | INFO | assistant | Recognized speech: increase volume.
2026-08-17 21:59:18,990 | INFO | whisper | Microphone capture paused.
2026-08-17 21:59:18,994 | INFO | tts | Speaking: Sorry, I didn't understand that command.
2026-08-17 21:59:22,853 | INFO | whisper | Microphone capture resumed.
2026-08-17 21:59:26,319 | INFO | faster_whisper | Processing audio with duration 00:01.040
2026-08-17 21:59:26,323 | INFO | faster_whisper | VAD filter removed 00:01.040 of audio
2026-08-17 21:59:35,038 | INFO | faster_whisper | Processing audio with duration 00:01.120
2026-08-17 21:59:35,043 | INFO | faster_whisper | VAD filter removed 00:01.120 of audio
2026-08-17 21:59:37,999 | INFO | faster_whisper | Processing audio with duration 00:01.040
2026-08-17 21:59:38,005 | INFO | faster_whisper | VAD filter removed 00:01.040 of audio
2026-08-17 21:59:43,692 | INFO | faster_whisper | Processing audio with duration 00:01.440
2026-08-17 21:59:43,696 | INFO | faster_whisper | VAD filter removed 00:00.000 of audio
2026-08-17 21:59:45,098 | INFO | assistant | Recognized speech: and mute.
2026-08-17 21:59:45,162 | INFO | whisper | Microphone capture paused.
2026-08-17 21:59:45,163 | INFO | tts | Speaking: Sorry, I didn't understand that command.
2026-08-17 21:59:48,889 | INFO | whisper | Microphone capture resumed.
2026-08-17 21:59:49,771 | INFO | faster_whisper | Processing audio with duration 00:00.880
2026-08-17 21:59:49,773 | INFO | faster_whisper | VAD filter removed 00:00.000 of audio
2026-08-17 21:59:51,338 | INFO | assistant | Recognized speech: don't forget to subscribe to our channel for more videos.
2026-08-17 21:59:51,340 | INFO | whisper | Microphone capture paused.
2026-08-17 21:59:51,340 | INFO | tts | Speaking: Sorry, I didn't understand that command.
2026-08-17 21:59:54,882 | INFO | whisper | Microphone capture resumed.
2026-08-17 21:59:57,453 | INFO | faster_whisper | Processing audio with duration 00:02.000
2026-08-17 21:59:57,459 | INFO | faster_whisper | VAD filter removed 00:00.176 of audio
2026-08-17 21:59:58,731 | INFO | assistant | Recognized speech: we need to
2026-08-17 21:59:58,740 | INFO | whisper | Microphone capture paused.
2026-08-17 21:59:58,740 | INFO | tts | Speaking: Sorry, I didn't understand that command.
2026-08-17 22:00:02,281 | INFO | whisper | Microphone capture resumed.
2026-08-17 22:00:03,926 | INFO | faster_whisper | Processing audio with duration 00:01.360
2026-08-17 22:00:03,946 | INFO | faster_whisper | VAD filter removed 00:01.360 of audio
2026-08-17 22:00:10,004 | INFO | faster_whisper | Processing audio with duration 00:01.680
2026-08-17 22:00:10,007 | INFO | faster_whisper | VAD filter removed 00:00.000 of audio
2026-08-17 22:00:13,945 | INFO | assistant | Recognized speech: newton
2026-08-17 22:00:14,004 | INFO | whisper | Microphone capture paused.
2026-08-17 22:00:14,004 | INFO | tts | Speaking: Sorry, I didn't understand that command.
2026-08-17 22:00:17,583 | INFO | whisper | Microphone capture resumed.
2026-08-17 22:00:23,507 | INFO | faster_whisper | Processing audio with duration 00:01.600
2026-08-17 22:00:23,510 | INFO | faster_whisper | VAD filter removed 00:00.000 of audio
2026-08-17 22:00:24,915 | INFO | assistant | Recognized speech: and you do.
2026-08-17 22:00:24,916 | INFO | whisper | Microphone capture paused.
2026-08-17 22:00:24,916 | INFO | tts | Speaking: Sorry, I didn't understand that command.
2026-08-17 22:00:28,680 | INFO | whisper | Microphone capture resumed.
2026-08-17 22:00:31,306 | INFO | faster_whisper | Processing audio with duration 00:01.120
2026-08-17 22:00:31,309 | INFO | faster_whisper | VAD filter removed 00:01.120 of audio
2026-08-17 22:00:33,574 | INFO | whisper | Whisper microphone closed.
2026-08-17 22:00:33,596 | INFO | whisper | Whisper microphone closed.
2026-08-17 22:00:33,660 | INFO | assistant | Assistant stopped.
2026-08-17 22:04:25,974 | INFO | comtypes.client._code_cache | Imported existing <module 'comtypes.gen' from 'C:\\Users\\DELL\\OneDrive\\Desktop\\offline_voice_assistant\\.venv\\lib\\site-packages\\comtypes\\gen\\__init__.py'>
2026-08-17 22:04:25,975 | INFO | comtypes.client._code_cache | Using writeable comtypes cache directory: 'C:\Users\DELL\OneDrive\Desktop\offline_voice_assistant\.venv\lib\site-packages\comtypes\gen'
2026-08-17 22:04:26,339 | INFO | tts | Selected female voice: Microsoft Hazel Desktop - English (Great Britain)
2026-08-17 22:04:27,692 | INFO | httpx | HTTP Request: GET https://huggingface.co/api/models/Systran/faster-whisper-base.en/revision/main "HTTP/1.1 200 OK"
2026-08-17 22:04:32,745 | INFO | faster_whisper | Processing audio with duration 00:01.280
2026-08-17 22:04:32,937 | INFO | faster_whisper | VAD filter removed 00:01.280 of audio
2026-08-17 22:04:34,857 | INFO | faster_whisper | Processing audio with duration 00:01.360
2026-08-17 22:04:34,881 | INFO | faster_whisper | VAD filter removed 00:00.000 of audio
2026-08-17 22:04:36,188 | INFO | assistant | Recognized speech: i know.
2026-08-17 22:04:36,191 | INFO | whisper | Microphone capture paused.
2026-08-17 22:04:36,192 | INFO | tts | Speaking: Sorry, I didn't understand that command.
2026-08-17 22:04:39,914 | INFO | whisper | Microphone capture resumed.
2026-08-17 22:04:41,966 | INFO | faster_whisper | Processing audio with duration 00:02.000
2026-08-17 22:04:41,984 | INFO | faster_whisper | VAD filter removed 00:00.000 of audio
2026-08-17 22:04:43,130 | INFO | assistant | Recognized speech: crease volume.
2026-08-17 22:04:43,131 | INFO | whisper | Microphone capture paused.
2026-08-17 22:04:43,132 | INFO | tts | Speaking: Sorry, I didn't understand that command.
2026-08-17 22:04:46,706 | INFO | whisper | Microphone capture resumed.
2026-08-17 22:04:48,925 | INFO | faster_whisper | Processing audio with duration 00:02.080
2026-08-17 22:04:48,927 | INFO | faster_whisper | VAD filter removed 00:00.000 of audio
2026-08-17 22:04:50,034 | INFO | assistant | Recognized speech: increase volume
2026-08-17 22:04:50,141 | INFO | safety | Volume increased.
2026-08-17 22:04:50,147 | INFO | whisper | Microphone capture paused.
2026-08-17 22:04:50,147 | INFO | tts | Speaking: Volume increased.
2026-08-17 22:04:52,497 | INFO | whisper | Microphone capture resumed.
2026-08-17 22:04:55,636 | INFO | faster_whisper | Processing audio with duration 00:02.160
2026-08-17 22:04:55,653 | INFO | faster_whisper | VAD filter removed 00:00.000 of audio
2026-08-17 22:04:56,715 | INFO | assistant | Recognized speech: decrease volume.
2026-08-17 22:04:56,801 | INFO | whisper | Microphone capture paused.
2026-08-17 22:04:56,801 | INFO | tts | Speaking: Sorry, I didn't understand that command.
2026-08-17 22:05:00,385 | INFO | whisper | Microphone capture resumed.
2026-08-17 22:05:02,445 | INFO | faster_whisper | Processing audio with duration 00:02.000
2026-08-17 22:05:02,449 | INFO | faster_whisper | VAD filter removed 00:00.000 of audio
2026-08-17 22:05:03,501 | INFO | assistant | Recognized speech: one room down
2026-08-17 22:05:03,503 | INFO | whisper | Microphone capture paused.
2026-08-17 22:05:03,503 | INFO | tts | Speaking: Sorry, I didn't understand that command.
2026-08-17 22:05:07,046 | INFO | whisper | Microphone capture resumed.
2026-08-17 22:05:09,011 | INFO | faster_whisper | Processing audio with duration 00:01.920
2026-08-17 22:05:09,014 | INFO | faster_whisper | VAD filter removed 00:00.000 of audio
2026-08-17 22:05:10,147 | INFO | assistant | Recognized speech: in pleased with you.
2026-08-17 22:05:10,149 | INFO | whisper | Microphone capture paused.
2026-08-17 22:05:10,149 | INFO | tts | Speaking: Sorry, I didn't understand that command.
2026-08-17 22:05:13,699 | INFO | whisper | Microphone capture resumed.
2026-08-17 22:05:15,466 | INFO | faster_whisper | Processing audio with duration 00:01.760
2026-08-17 22:05:15,469 | INFO | faster_whisper | VAD filter removed 00:00.000 of audio
2026-08-17 22:05:16,731 | INFO | assistant | Recognized speech: please grab your own.
2026-08-17 22:05:16,782 | INFO | whisper | Microphone capture paused.
2026-08-17 22:05:16,782 | INFO | tts | Speaking: Sorry, I didn't understand that command.
2026-08-17 22:05:20,359 | INFO | whisper | Microphone capture resumed.
2026-08-17 22:05:22,774 | INFO | faster_whisper | Processing audio with duration 00:02.320
2026-08-17 22:05:22,797 | INFO | faster_whisper | VAD filter removed 00:00.000 of audio
2026-08-17 22:05:24,145 | INFO | assistant | Recognized speech: increase volume
2026-08-17 22:05:24,256 | INFO | safety | Volume increased.
2026-08-17 22:05:24,268 | INFO | whisper | Microphone capture paused.
2026-08-17 22:05:24,269 | INFO | tts | Speaking: Volume increased.
2026-08-17 22:05:26,552 | INFO | whisper | Microphone capture resumed.
2026-08-17 22:05:29,004 | INFO | faster_whisper | Processing audio with duration 00:02.400
2026-08-17 22:05:29,010 | INFO | faster_whisper | VAD filter removed 00:00.000 of audio
2026-08-17 22:05:30,058 | INFO | assistant | Recognized speech: decrease volume.
2026-08-17 22:05:30,058 | INFO | whisper | Microphone capture paused.
2026-08-17 22:05:30,059 | INFO | tts | Speaking: Sorry, I didn't understand that command.
2026-08-17 22:05:33,653 | INFO | whisper | Microphone capture resumed.
2026-08-17 22:05:39,945 | INFO | whisper | Whisper microphone closed.
2026-08-17 22:05:39,967 | INFO | whisper | Whisper microphone closed.
2026-08-17 22:05:39,979 | INFO | assistant | Assistant stopped.
2026-08-17 22:06:06,056 | INFO | comtypes.client._code_cache | Imported existing <module 'comtypes.gen' from 'C:\\Users\\DELL\\OneDrive\\Desktop\\offline_voice_assistant\\.venv\\lib\\site-packages\\comtypes\\gen\\__init__.py'>
2026-08-17 22:06:06,056 | INFO | comtypes.client._code_cache | Using writeable comtypes cache directory: 'C:\Users\DELL\OneDrive\Desktop\offline_voice_assistant\.venv\lib\site-packages\comtypes\gen'
2026-08-17 22:06:06,241 | INFO | tts | Selected female voice: Microsoft Hazel Desktop - English (Great Britain)
2026-08-17 22:06:07,329 | INFO | httpx | HTTP Request: GET https://huggingface.co/api/models/Systran/faster-whisper-base.en/revision/main "HTTP/1.1 200 OK"
2026-08-17 22:06:22,748 | INFO | faster_whisper | Processing audio with duration 00:01.600
2026-08-17 22:06:22,833 | INFO | faster_whisper | VAD filter removed 00:00.000 of audio
2026-08-17 22:06:23,992 | INFO | assistant | Recognized speech: see you in a minute.
2026-08-17 22:06:23,994 | INFO | whisper | Microphone capture paused.
2026-08-17 22:06:23,994 | INFO | tts | Speaking: Sorry, I didn't understand that command.
2026-08-17 22:06:27,562 | INFO | whisper | Microphone capture resumed.
2026-08-17 22:06:30,333 | INFO | faster_whisper | Processing audio with duration 00:02.720
2026-08-17 22:06:30,338 | INFO | faster_whisper | VAD filter removed 00:00.000 of audio
2026-08-17 22:06:31,347 | INFO | assistant | Recognized speech: increase volume.
2026-08-17 22:06:31,350 | INFO | whisper | Microphone capture paused.
2026-08-17 22:06:31,350 | INFO | tts | Speaking: Sorry, I didn't understand that command.
2026-08-17 22:06:34,876 | INFO | whisper | Microphone capture resumed.
2026-08-17 22:06:36,478 | INFO | faster_whisper | Processing audio with duration 00:01.360
2026-08-17 22:06:36,482 | INFO | faster_whisper | VAD filter removed 00:00.000 of audio
2026-08-17 22:06:39,424 | INFO | assistant | Recognized speech: thank you. okay. okay. okay. okay. okay. okay. okay. okay. okay. okay. okay. okay. okay. okay. okay. okay. okay. okay. okay. okay. okay. okay. okay. okay.
2026-08-17 22:06:39,428 | INFO | whisper | Microphone capture paused.
2026-08-17 22:06:39,428 | INFO | tts | Speaking: Sorry, I didn't understand that command.
2026-08-17 22:06:42,974 | INFO | whisper | Microphone capture resumed.
2026-08-17 22:06:44,708 | INFO | faster_whisper | Processing audio with duration 00:01.680
2026-08-17 22:06:44,712 | INFO | faster_whisper | VAD filter removed 00:00.000 of audio
2026-08-17 22:06:46,275 | INFO | assistant | Recognized speech: and you too.
2026-08-17 22:06:46,310 | INFO | whisper | Microphone capture paused.
2026-08-17 22:06:46,310 | INFO | tts | Speaking: Sorry, I didn't understand that command.
2026-08-17 22:06:49,846 | INFO | whisper | Microphone capture resumed.
2026-08-17 22:06:52,339 | INFO | faster_whisper | Processing audio with duration 00:02.080
2026-08-17 22:06:52,344 | INFO | faster_whisper | VAD filter removed 00:00.000 of audio
2026-08-17 22:06:53,655 | INFO | assistant | Recognized speech: increase volume.
2026-08-17 22:06:53,660 | INFO | whisper | Microphone capture paused.
2026-08-17 22:06:53,660 | INFO | tts | Speaking: Sorry, I didn't understand that command.
2026-08-17 22:06:57,211 | INFO | whisper | Microphone capture resumed.
2026-08-17 22:06:57,490 | INFO | whisper | Whisper microphone closed.
2026-08-17 22:06:57,501 | INFO | whisper | Whisper microphone closed.
2026-08-17 22:06:57,559 | INFO | assistant | Assistant stopped.
2026-08-17 22:08:00,854 | INFO | comtypes.client._code_cache | Imported existing <module 'comtypes.gen' from 'C:\\Users\\DELL\\OneDrive\\Desktop\\offline_voice_assistant\\.venv\\lib\\site-packages\\comtypes\\gen\\__init__.py'>
2026-08-17 22:08:00,855 | INFO | comtypes.client._code_cache | Using writeable comtypes cache directory: 'C:\Users\DELL\OneDrive\Desktop\offline_voice_assistant\.venv\lib\site-packages\comtypes\gen'
2026-08-17 22:08:01,007 | INFO | tts | Selected female voice: Microsoft Hazel Desktop - English (Great Britain)
2026-08-17 22:08:02,220 | INFO | httpx | HTTP Request: GET https://huggingface.co/api/models/Systran/faster-whisper-base.en/revision/main "HTTP/1.1 200 OK"
2026-08-17 22:08:05,526 | INFO | faster_whisper | Processing audio with duration 00:00.800
2026-08-17 22:08:05,714 | INFO | faster_whisper | VAD filter removed 00:00.800 of audio
2026-08-17 22:08:25,498 | INFO | faster_whisper | Processing audio with duration 00:02.240
2026-08-17 22:08:25,522 | INFO | faster_whisper | VAD filter removed 00:00.000 of audio
2026-08-17 22:08:26,534 | INFO | assistant | Recognized speech: increase volume.
2026-08-17 22:08:26,535 | INFO | whisper | Microphone capture paused.
2026-08-17 22:08:26,535 | INFO | tts | Speaking: Sorry, I didn't understand that command.
2026-08-17 22:08:30,178 | INFO | whisper | Microphone capture resumed.
2026-08-17 22:08:33,090 | INFO | faster_whisper | Processing audio with duration 00:02.320
2026-08-17 22:08:33,095 | INFO | faster_whisper | VAD filter removed 00:00.000 of audio
2026-08-17 22:08:34,201 | INFO | assistant | Recognized speech: decrease volume.
2026-08-17 22:08:34,207 | INFO | whisper | Microphone capture paused.
2026-08-17 22:08:34,207 | INFO | tts | Speaking: Sorry, I didn't understand that command.
2026-08-17 22:08:37,750 | INFO | whisper | Microphone capture resumed.
2026-08-17 22:08:39,889 | INFO | faster_whisper | Processing audio with duration 00:02.080
2026-08-17 22:08:39,893 | INFO | faster_whisper | VAD filter removed 00:00.000 of audio
2026-08-17 22:08:40,907 | INFO | assistant | Recognized speech: while you help.
2026-08-17 22:08:40,907 | INFO | whisper | Microphone capture paused.
2026-08-17 22:08:40,908 | INFO | tts | Speaking: Sorry, I didn't understand that command.
2026-08-17 22:08:44,514 | INFO | whisper | Microphone capture resumed.
2026-08-17 22:08:46,838 | INFO | faster_whisper | Processing audio with duration 00:01.040
2026-08-17 22:08:46,861 | INFO | faster_whisper | VAD filter removed 00:01.040 of audio
2026-08-17 22:08:51,722 | INFO | faster_whisper | Processing audio with duration 00:02.160
2026-08-17 22:08:51,727 | INFO | faster_whisper | VAD filter removed 00:00.000 of audio
2026-08-17 22:08:52,695 | INFO | assistant | Recognized speech: volume down
2026-08-17 22:08:52,797 | INFO | safety | Volume decreased.
2026-08-17 22:08:52,797 | INFO | whisper | Microphone capture paused.
2026-08-17 22:08:52,797 | INFO | tts | Speaking: Volume decreased.
2026-08-17 22:08:54,930 | INFO | whisper | Microphone capture resumed.
2026-08-17 22:08:58,603 | INFO | faster_whisper | Processing audio with duration 00:02.000
2026-08-17 22:08:58,608 | INFO | faster_whisper | VAD filter removed 00:00.000 of audio
2026-08-17 22:08:59,851 | INFO | assistant | Recognized speech: and volume up.
2026-08-17 22:08:59,852 | INFO | whisper | Microphone capture paused.
2026-08-17 22:08:59,852 | INFO | tts | Speaking: Sorry, I didn't understand that command.
2026-08-17 22:09:03,435 | INFO | whisper | Microphone capture resumed.
2026-08-17 22:09:05,419 | INFO | faster_whisper | Processing audio with duration 00:01.920
2026-08-17 22:09:05,422 | INFO | faster_whisper | VAD filter removed 00:00.000 of audio
2026-08-17 22:09:06,582 | INFO | assistant | Recognized speech: while you're on up.
2026-08-17 22:09:06,584 | INFO | whisper | Microphone capture paused.
2026-08-17 22:09:06,584 | INFO | tts | Speaking: Sorry, I didn't understand that command.
2026-08-17 22:09:10,147 | INFO | whisper | Microphone capture resumed.
2026-08-17 22:09:12,227 | INFO | faster_whisper | Processing audio with duration 00:02.000
2026-08-17 22:09:12,231 | INFO | faster_whisper | VAD filter removed 00:00.000 of audio
2026-08-17 22:09:13,373 | INFO | assistant | Recognized speech: while you're going to be down.
2026-08-17 22:09:13,374 | INFO | whisper | Microphone capture paused.
2026-08-17 22:09:13,374 | INFO | tts | Speaking: Sorry, I didn't understand that command.
2026-08-17 22:09:16,949 | INFO | whisper | Microphone capture resumed.
2026-08-17 22:09:19,003 | INFO | faster_whisper | Processing audio with duration 00:02.000
2026-08-17 22:09:19,007 | INFO | faster_whisper | VAD filter removed 00:00.000 of audio
2026-08-17 22:09:20,068 | INFO | assistant | Recognized speech: that's why you're doing them down.
2026-08-17 22:09:20,074 | INFO | whisper | Microphone capture paused.
2026-08-17 22:09:20,074 | INFO | tts | Speaking: Sorry, I didn't understand that command.
2026-08-17 22:09:23,598 | INFO | whisper | Microphone capture resumed.
2026-08-17 22:09:25,413 | INFO | faster_whisper | Processing audio with duration 00:01.440
2026-08-17 22:09:25,415 | INFO | faster_whisper | VAD filter removed 00:00.000 of audio
2026-08-17 22:09:26,390 | INFO | assistant | Recognized speech: exhale.
2026-08-17 22:09:26,390 | INFO | whisper | Microphone capture paused.
2026-08-17 22:09:26,392 | INFO | tts | Speaking: Sorry, I didn't understand that command.
2026-08-17 22:09:29,934 | INFO | whisper | Microphone capture resumed.
2026-08-17 22:09:31,326 | INFO | faster_whisper | Processing audio with duration 00:01.360
2026-08-17 22:09:31,342 | INFO | faster_whisper | VAD filter removed 00:00.000 of audio
2026-08-17 22:09:32,831 | INFO | assistant | Recognized speech: exhale, exhale, exhale.
2026-08-17 22:09:32,840 | INFO | whisper | Microphone capture paused.
2026-08-17 22:09:32,840 | INFO | tts | Speaking: Sorry, I didn't understand that command.
2026-08-17 22:09:36,402 | INFO | whisper | Microphone capture resumed.
2026-08-17 22:09:39,648 | INFO | faster_whisper | Processing audio with duration 00:01.440
2026-08-17 22:09:39,652 | INFO | faster_whisper | VAD filter removed 00:00.000 of audio
2026-08-17 22:09:40,686 | INFO | assistant | Recognized speech: exit.
2026-08-17 22:09:40,688 | INFO | whisper | Microphone capture paused.
2026-08-17 22:09:40,688 | INFO | tts | Speaking: Sorry, I didn't understand that command.
2026-08-17 22:09:44,217 | INFO | whisper | Microphone capture resumed.
2026-08-17 22:09:46,014 | INFO | whisper | Whisper microphone closed.
2026-08-17 22:09:46,014 | INFO | whisper | Whisper microphone closed.
2026-08-17 22:09:46,037 | INFO | assistant | Assistant stopped.
2026-08-17 22:10:40,987 | INFO | comtypes.client._code_cache | Imported existing <module 'comtypes.gen' from 'C:\\Users\\DELL\\OneDrive\\Desktop\\offline_voice_assistant\\.venv\\lib\\site-packages\\comtypes\\gen\\__init__.py'>
2026-08-17 22:10:40,988 | INFO | comtypes.client._code_cache | Using writeable comtypes cache directory: 'C:\Users\DELL\OneDrive\Desktop\offline_voice_assistant\.venv\lib\site-packages\comtypes\gen'
2026-08-17 22:10:41,128 | INFO | tts | Selected female voice: Microsoft Hazel Desktop - English (Great Britain)
2026-08-17 22:10:42,172 | INFO | httpx | HTTP Request: GET https://huggingface.co/api/models/Systran/faster-whisper-base.en/revision/main "HTTP/1.1 200 OK"
2026-08-17 22:10:59,563 | INFO | faster_whisper | Processing audio with duration 00:01.840
2026-08-17 22:10:59,639 | INFO | faster_whisper | VAD filter removed 00:00.000 of audio
2026-08-17 22:11:00,805 | INFO | assistant | Recognized speech: volume up.
2026-08-17 22:11:00,809 | INFO | whisper | Microphone capture paused.
2026-08-17 22:11:00,809 | INFO | tts | Speaking: Sorry, I didn't understand that command.
2026-08-17 22:11:04,433 | INFO | whisper | Microphone capture resumed.
2026-08-17 22:11:07,171 | INFO | faster_whisper | Processing audio with duration 00:01.040
2026-08-17 22:11:07,175 | INFO | faster_whisper | VAD filter removed 00:01.040 of audio
2026-08-17 22:11:10,589 | INFO | faster_whisper | Processing audio with duration 00:02.720
2026-08-17 22:11:10,597 | INFO | faster_whisper | VAD filter removed 00:00.720 of audio
2026-08-17 22:11:14,742 | INFO | assistant | Recognized speech: i don't understand that you're wrong.
2026-08-17 22:11:16,985 | INFO | whisper | Microphone capture paused.
2026-08-17 22:11:16,986 | INFO | tts | Speaking: Sorry, I didn't understand that command.
2026-08-17 22:11:45,015 | INFO | whisper | Microphone capture resumed.
2026-08-17 22:11:46,549 | INFO | faster_whisper | Processing audio with duration 00:01.360
2026-08-17 22:11:46,552 | INFO | faster_whisper | VAD filter removed 00:01.360 of audio
2026-08-17 22:11:52,241 | INFO | faster_whisper | Processing audio with duration 00:01.120
2026-08-17 22:11:52,245 | INFO | faster_whisper | VAD filter removed 00:01.120 of audio
2026-08-17 22:11:58,156 | INFO | faster_whisper | Processing audio with duration 00:01.200
2026-08-17 22:11:58,159 | INFO | faster_whisper | VAD filter removed 00:00.000 of audio
2026-08-17 22:12:00,181 | INFO | assistant | Recognized speech: hello
2026-08-17 22:12:00,284 | INFO | whisper | Microphone capture paused.
2026-08-17 22:12:00,285 | INFO | tts | Speaking: Hey! I'm here. What do you need?
2026-08-17 22:12:04,846 | INFO | whisper | Microphone capture resumed.
2026-08-17 22:12:16,363 | INFO | faster_whisper | Processing audio with duration 00:02.160
2026-08-17 22:12:16,368 | INFO | faster_whisper | VAD filter removed 00:00.000 of audio
2026-08-17 22:12:18,680 | INFO | assistant | Recognized speech: in the crease volume.
2026-08-17 22:12:18,724 | INFO | whisper | Microphone capture paused.
2026-08-17 22:12:18,724 | INFO | tts | Speaking: Sorry, I didn't understand that command.
2026-08-17 22:12:22,459 | INFO | whisper | Microphone capture resumed.
2026-08-17 22:12:25,860 | INFO | faster_whisper | Processing audio with duration 00:02.080
2026-08-17 22:12:25,864 | INFO | faster_whisper | VAD filter removed 00:00.000 of audio
2026-08-17 22:12:27,521 | INFO | assistant | Recognized speech: and he was letting me down.
2026-08-17 22:12:27,669 | INFO | whisper | Microphone capture paused.
2026-08-17 22:12:27,670 | INFO | tts | Speaking: Sorry, I didn't understand that command.
2026-08-17 22:12:31,843 | INFO | whisper | Microphone capture resumed.
2026-08-17 22:12:35,440 | INFO | faster_whisper | Processing audio with duration 00:02.240
2026-08-17 22:12:35,447 | INFO | faster_whisper | VAD filter removed 00:00.000 of audio
2026-08-17 22:12:37,270 | INFO | assistant | Recognized speech: decrease what you want to do.
2026-08-17 22:12:37,322 | INFO | whisper | Microphone capture paused.
2026-08-17 22:12:37,323 | INFO | tts | Speaking: Sorry, I didn't understand that command.
2026-08-17 22:12:41,314 | INFO | whisper | Microphone capture resumed.
2026-08-17 22:12:44,085 | INFO | faster_whisper | Processing audio with duration 00:02.240
2026-08-17 22:12:44,090 | INFO | faster_whisper | VAD filter removed 00:00.000 of audio
2026-08-17 22:12:46,039 | INFO | assistant | Recognized speech: the cleanest volume.
2026-08-17 22:12:46,054 | INFO | whisper | Microphone capture paused.
2026-08-17 22:12:46,057 | INFO | tts | Speaking: Sorry, I didn't understand that command.
2026-08-17 22:12:49,755 | INFO | whisper | Microphone capture resumed.
2026-08-17 22:13:06,726 | INFO | faster_whisper | Processing audio with duration 00:01.360
2026-08-17 22:13:06,730 | INFO | faster_whisper | VAD filter removed 00:00.000 of audio
2026-08-17 22:13:08,718 | INFO | assistant | Recognized speech: exit.
2026-08-17 22:13:08,722 | INFO | whisper | Microphone capture paused.
2026-08-17 22:13:08,722 | INFO | tts | Speaking: Sorry, I didn't understand that command.
2026-08-17 22:13:12,475 | INFO | whisper | Microphone capture resumed.
2026-08-17 22:13:14,492 | INFO | faster_whisper | Processing audio with duration 00:01.920
2026-08-17 22:13:14,513 | INFO | faster_whisper | VAD filter removed 00:00.000 of audio
2026-08-17 22:13:16,789 | INFO | assistant | Recognized speech: i guess it's done
2026-08-17 22:13:16,805 | INFO | whisper | Microphone capture paused.
2026-08-17 22:13:16,805 | INFO | tts | Speaking: Sorry, I didn't understand that command.
2026-08-17 22:13:20,459 | INFO | whisper | Microphone capture resumed.
2026-08-17 22:13:22,032 | INFO | faster_whisper | Processing audio with duration 00:01.120
2026-08-17 22:13:22,036 | INFO | faster_whisper | VAD filter removed 00:01.120 of audio
2026-08-17 22:13:25,864 | INFO | whisper | Whisper microphone closed.
2026-08-17 22:13:25,880 | INFO | whisper | Whisper microphone closed.
2026-08-17 22:13:25,931 | INFO | assistant | Assistant stopped.
2026-08-17 22:18:37,805 | INFO | comtypes.client._code_cache | Imported existing <module 'comtypes.gen' from 'C:\\Users\\DELL\\OneDrive\\Desktop\\offline_voice_assistant\\.venv\\lib\\site-packages\\comtypes\\gen\\__init__.py'>
2026-08-17 22:18:37,808 | INFO | comtypes.client._code_cache | Using writeable comtypes cache directory: 'C:\Users\DELL\OneDrive\Desktop\offline_voice_assistant\.venv\lib\site-packages\comtypes\gen'
2026-08-17 22:18:38,166 | INFO | tts | Selected female voice: Microsoft Hazel Desktop - English (Great Britain)
2026-08-17 22:18:39,465 | INFO | httpx | HTTP Request: GET https://huggingface.co/api/models/Systran/faster-whisper-base.en/revision/main "HTTP/1.1 200 OK"
2026-08-17 22:18:50,179 | INFO | faster_whisper | Processing audio with duration 00:01.200
2026-08-17 22:18:50,396 | INFO | faster_whisper | VAD filter removed 00:00.000 of audio
2026-08-17 22:18:51,933 | INFO | assistant | Recognized speech: okay.
2026-08-17 22:18:51,935 | INFO | whisper | Microphone capture paused.
2026-08-17 22:18:51,935 | INFO | tts | Speaking: Sorry, I didn't understand that command.
2026-08-17 22:18:55,606 | INFO | whisper | Microphone capture resumed.
2026-08-17 22:18:58,209 | INFO | faster_whisper | Processing audio with duration 00:02.000
2026-08-17 22:18:58,213 | INFO | faster_whisper | VAD filter removed 00:00.000 of audio
2026-08-17 22:18:59,388 | INFO | assistant | Recognized speech: take the screen shot.
2026-08-17 22:18:59,390 | INFO | whisper | Microphone capture paused.
2026-08-17 22:18:59,390 | INFO | tts | Speaking: Sorry, I didn't understand that command.
2026-08-17 22:19:02,933 | INFO | whisper | Microphone capture resumed.
2026-08-17 22:19:05,622 | INFO | faster_whisper | Processing audio with duration 00:02.000
2026-08-17 22:19:05,626 | INFO | faster_whisper | VAD filter removed 00:00.000 of audio
2026-08-17 22:19:06,699 | INFO | assistant | Recognized speech: next, cleanse out.
2026-08-17 22:19:06,700 | INFO | whisper | Microphone capture paused.
2026-08-17 22:19:06,700 | INFO | tts | Speaking: Sorry, I didn't understand that command.
2026-08-17 22:19:10,247 | INFO | whisper | Microphone capture resumed.
2026-08-17 22:19:11,070 | INFO | whisper | Whisper microphone closed.
2026-08-17 22:19:11,072 | INFO | whisper | Whisper microphone closed.
2026-08-17 22:19:11,109 | INFO | assistant | Assistant stopped.
2026-08-17 22:19:50,608 | INFO | comtypes.client._code_cache | Imported existing <module 'comtypes.gen' from 'C:\\Users\\DELL\\OneDrive\\Desktop\\offline_voice_assistant\\.venv\\lib\\site-packages\\comtypes\\gen\\__init__.py'>
2026-08-17 22:19:50,609 | INFO | comtypes.client._code_cache | Using writeable comtypes cache directory: 'C:\Users\DELL\OneDrive\Desktop\offline_voice_assistant\.venv\lib\site-packages\comtypes\gen'
2026-08-17 22:19:50,739 | INFO | tts | Selected female voice: Microsoft Hazel Desktop - English (Great Britain)
2026-08-17 22:19:51,760 | INFO | httpx | HTTP Request: GET https://huggingface.co/api/models/Systran/faster-whisper-base.en/revision/main "HTTP/1.1 200 OK"
2026-08-17 22:20:03,785 | INFO | faster_whisper | Processing audio with duration 00:02.240
2026-08-17 22:20:03,986 | INFO | faster_whisper | VAD filter removed 00:00.000 of audio
2026-08-17 22:20:05,120 | INFO | assistant | Recognized speech: capture screen.
2026-08-17 22:20:05,125 | INFO | whisper | Microphone capture paused.
2026-08-17 22:20:05,126 | INFO | tts | Speaking: Sorry, I didn't understand that command.
2026-08-17 22:20:08,772 | INFO | whisper | Microphone capture resumed.
2026-08-17 22:20:12,174 | INFO | faster_whisper | Processing audio with duration 00:01.920
2026-08-17 22:20:12,178 | INFO | faster_whisper | VAD filter removed 00:00.000 of audio
2026-08-17 22:20:13,209 | INFO | assistant | Recognized speech: screen shot.
2026-08-17 22:20:13,212 | INFO | whisper | Microphone capture paused.
2026-08-17 22:20:13,212 | INFO | tts | Speaking: Sorry, I didn't understand that command.
2026-08-17 22:20:16,805 | INFO | whisper | Microphone capture resumed.
2026-08-17 22:20:20,754 | INFO | faster_whisper | Processing audio with duration 00:01.200
2026-08-17 22:20:20,757 | INFO | faster_whisper | VAD filter removed 00:00.000 of audio
2026-08-17 22:20:25,205 | INFO | whisper | Whisper microphone closed.
2026-08-17 22:20:25,213 | INFO | whisper | Whisper microphone closed.
2026-08-17 22:20:25,213 | INFO | assistant | Assistant stopped.
2026-08-17 22:33:45,612 | INFO | comtypes.client._code_cache | Imported existing <module 'comtypes.gen' from 'C:\\Users\\DELL\\OneDrive\\Desktop\\offline_voice_assistant\\.venv\\lib\\site-packages\\comtypes\\gen\\__init__.py'>
2026-08-17 22:33:45,614 | INFO | comtypes.client._code_cache | Using writeable comtypes cache directory: 'C:\Users\DELL\OneDrive\Desktop\offline_voice_assistant\.venv\lib\site-packages\comtypes\gen'
2026-08-17 22:33:45,961 | INFO | tts | Selected female voice: Microsoft Hazel Desktop - English (Great Britain)
2026-08-17 22:33:47,354 | INFO | httpx | HTTP Request: GET https://huggingface.co/api/models/Systran/faster-whisper-base.en/revision/main "HTTP/1.1 200 OK"
2026-08-17 22:33:53,965 | INFO | faster_whisper | Processing audio with duration 00:01.840
2026-08-17 22:33:54,148 | INFO | faster_whisper | VAD filter removed 00:00.432 of audio
2026-08-17 22:33:57,487 | INFO | assistant | Recognized speech: yeah. yeah. yeah. yeah. yeah. yeah. yeah. yeah. yeah. yeah. yeah. yeah. yeah. yeah. yeah. yeah. yeah. yeah. yeah. yeah. yeah. yeah. yeah. yeah. yeah. yeah. yeah.
2026-08-17 22:33:57,491 | INFO | whisper | Microphone capture paused.
2026-08-17 22:33:57,491 | INFO | tts | Speaking: Sorry, I didn't understand that command.
2026-08-17 22:34:01,175 | INFO | whisper | Microphone capture resumed.
2026-08-17 22:34:02,851 | INFO | faster_whisper | Processing audio with duration 00:01.120
2026-08-17 22:34:02,853 | INFO | faster_whisper | VAD filter removed 00:01.120 of audio
2026-08-17 22:34:05,741 | INFO | faster_whisper | Processing audio with duration 00:01.120
2026-08-17 22:34:05,743 | INFO | faster_whisper | VAD filter removed 00:00.000 of audio
2026-08-17 22:34:06,730 | INFO | assistant | Recognized speech: thank you.
2026-08-17 22:34:06,731 | INFO | whisper | Microphone capture paused.
2026-08-17 22:34:06,731 | INFO | tts | Speaking: Sorry, I didn't understand that command.
2026-08-17 22:34:10,282 | INFO | whisper | Microphone capture resumed.
2026-08-17 22:34:13,896 | INFO | faster_whisper | Processing audio with duration 00:02.800
2026-08-17 22:34:13,902 | INFO | faster_whisper | VAD filter removed 00:00.000 of audio
2026-08-17 22:34:14,952 | INFO | assistant | Recognized speech: what's wrong?
2026-08-17 22:34:14,954 | INFO | whisper | Microphone capture paused.
2026-08-17 22:34:14,954 | INFO | tts | Speaking: Sorry, I didn't understand that command.
2026-08-17 22:34:18,471 | INFO | whisper | Microphone capture resumed.
2026-08-17 22:34:24,384 | INFO | faster_whisper | Processing audio with duration 00:05.920
2026-08-17 22:34:24,409 | INFO | faster_whisper | VAD filter removed 00:00.000 of audio
2026-08-17 22:34:29,639 | INFO | assistant | Recognized speech: i'll go find one. one, two, go. what side? one, two, go. one, two, go. one, two, go. one, two, go. one, two, go. one, two, go. one, two, go. one, two, go. one, two, go. one, two, go. one, two, go. one, two, go. one, two, go. one, two, go. one, two, go. one, two, go. one, two, go. one, two, go. one, two, go. one, two, go. one, two, go.
2026-08-17 22:34:29,641 | INFO | whisper | Microphone capture paused.
2026-08-17 22:34:29,641 | INFO | tts | Speaking: Sorry, I didn't understand that command.
2026-08-17 22:34:33,152 | INFO | whisper | Microphone capture resumed.
2026-08-17 22:34:35,373 | INFO | faster_whisper | Processing audio with duration 00:01.920
2026-08-17 22:34:35,394 | INFO | faster_whisper | VAD filter removed 00:00.000 of audio
2026-08-17 22:34:36,457 | INFO | assistant | Recognized speech: i will come in one minute.
2026-08-17 22:34:36,458 | INFO | whisper | Microphone capture paused.
2026-08-17 22:34:36,458 | INFO | tts | Speaking: Sorry, I didn't understand that command.
2026-08-17 22:34:40,001 | INFO | whisper | Microphone capture resumed.
2026-08-17 22:34:41,104 | INFO | faster_whisper | Processing audio with duration 00:01.040
2026-08-17 22:34:41,106 | INFO | faster_whisper | VAD filter removed 00:00.000 of audio
2026-08-17 22:34:42,629 | INFO | assistant | Recognized speech: the environment.
2026-08-17 22:34:42,631 | INFO | whisper | Microphone capture paused.
2026-08-17 22:34:42,631 | INFO | tts | Speaking: Sorry, I didn't understand that command.
2026-08-17 22:34:46,683 | INFO | whisper | Microphone capture resumed.
2026-08-17 22:35:55,929 | INFO | faster_whisper | Processing audio with duration 00:01.120
2026-08-17 22:35:55,937 | INFO | faster_whisper | VAD filter removed 00:01.120 of audio
2026-08-17 22:35:56,191 | WARNING | whisper | Audio status: input overflow
2026-08-17 22:36:15,567 | INFO | faster_whisper | Processing audio with duration 00:01.040
2026-08-17 22:36:15,574 | INFO | faster_whisper | VAD filter removed 00:01.040 of audio
2026-08-17 22:36:15,611 | WARNING | whisper | Audio status: input overflow
2026-08-17 22:36:38,154 | INFO | faster_whisper | Processing audio with duration 00:01.040
2026-08-17 22:36:38,157 | INFO | faster_whisper | VAD filter removed 00:01.040 of audio
2026-08-17 22:36:42,311 | INFO | faster_whisper | Processing audio with duration 00:01.040
2026-08-17 22:36:42,313 | INFO | faster_whisper | VAD filter removed 00:01.040 of audio
2026-08-17 22:37:17,256 | INFO | faster_whisper | Processing audio with duration 00:01.040
2026-08-17 22:37:17,259 | INFO | faster_whisper | VAD filter removed 00:01.040 of audio
2026-08-17 22:37:17,282 | WARNING | whisper | Audio status: input overflow
2026-08-17 22:37:18,873 | INFO | faster_whisper | Processing audio with duration 00:01.040
2026-08-17 22:37:18,875 | INFO | faster_whisper | VAD filter removed 00:01.040 of audio
2026-08-17 22:37:18,916 | WARNING | whisper | Audio status: input overflow
2026-08-17 22:37:47,786 | INFO | faster_whisper | Processing audio with duration 00:01.120
2026-08-17 22:37:47,788 | INFO | faster_whisper | VAD filter removed 00:01.120 of audio
2026-08-17 22:37:58,571 | INFO | faster_whisper | Processing audio with duration 00:01.360
2026-08-17 22:37:58,585 | INFO | faster_whisper | VAD filter removed 00:01.360 of audio
2026-08-17 22:37:59,918 | INFO | faster_whisper | Processing audio with duration 00:01.360
2026-08-17 22:37:59,923 | INFO | faster_whisper | VAD filter removed 00:01.360 of audio
2026-08-17 22:38:10,963 | INFO | faster_whisper | Processing audio with duration 00:01.040
2026-08-17 22:38:10,966 | INFO | faster_whisper | VAD filter removed 00:01.040 of audio
2026-08-17 22:38:12,638 | INFO | faster_whisper | Processing audio with duration 00:01.040
2026-08-17 22:38:12,641 | INFO | faster_whisper | VAD filter removed 00:01.040 of audio
2026-08-17 22:38:18,032 | INFO | whisper | Whisper microphone closed.
2026-08-17 22:38:18,032 | INFO | whisper | Whisper microphone closed.
2026-08-17 22:38:18,043 | INFO | assistant | Assistant stopped.
2026-08-17 22:43:08,852 | INFO | comtypes.client._code_cache | Imported existing <module 'comtypes.gen' from 'C:\\Users\\DELL\\OneDrive\\Desktop\\offline_voice_assistant\\.venv\\lib\\site-packages\\comtypes\\gen\\__init__.py'>
2026-08-17 22:43:08,853 | INFO | comtypes.client._code_cache | Using writeable comtypes cache directory: 'C:\Users\DELL\OneDrive\Desktop\offline_voice_assistant\.venv\lib\site-packages\comtypes\gen'
2026-08-17 22:43:09,135 | INFO | tts | Selected female voice: Microsoft Hazel Desktop - English (Great Britain)
2026-08-17 22:43:10,275 | INFO | httpx | HTTP Request: GET https://huggingface.co/api/models/Systran/faster-whisper-base.en/revision/main "HTTP/1.1 200 OK"
2026-08-17 22:43:19,749 | INFO | faster_whisper | Processing audio with duration 00:01.200
2026-08-17 22:43:19,936 | INFO | faster_whisper | VAD filter removed 00:00.000 of audio
2026-08-17 22:43:23,011 | INFO | assistant | Recognized speech: okay. okay. okay. okay. okay. okay. okay. okay. okay. okay. okay. okay. okay. okay. okay. okay. okay. okay. okay. okay. okay. okay. okay. okay. okay. okay. okay. okay. okay.
2026-08-17 22:43:23,014 | INFO | whisper | Microphone capture paused.
2026-08-17 22:43:23,014 | INFO | tts | Speaking: Sorry, I didn't understand that command.
2026-08-17 22:43:26,676 | INFO | whisper | Microphone capture resumed.
2026-08-17 22:44:11,541 | INFO | faster_whisper | Processing audio with duration 00:01.040
2026-08-17 22:44:11,545 | INFO | faster_whisper | VAD filter removed 00:01.040 of audio
2026-08-17 22:44:12,707 | INFO | faster_whisper | Processing audio with duration 00:01.040
2026-08-17 22:44:12,709 | INFO | faster_whisper | VAD filter removed 00:01.040 of audio
2026-08-17 22:44:25,189 | INFO | faster_whisper | Processing audio with duration 00:01.040
2026-08-17 22:44:25,191 | INFO | faster_whisper | VAD filter removed 00:01.040 of audio
2026-08-17 22:44:37,356 | INFO | faster_whisper | Processing audio with duration 00:01.680
2026-08-17 22:44:37,360 | INFO | faster_whisper | VAD filter removed 00:01.680 of audio
2026-08-17 22:44:41,852 | INFO | faster_whisper | Processing audio with duration 00:02.960
2026-08-17 22:44:41,857 | INFO | faster_whisper | VAD filter removed 00:02.960 of audio
2026-08-17 22:44:44,881 | INFO | faster_whisper | Processing audio with duration 00:02.880
2026-08-17 22:44:44,898 | INFO | faster_whisper | VAD filter removed 00:02.880 of audio
2026-08-17 22:44:46,017 | INFO | faster_whisper | Processing audio with duration 00:01.040
2026-08-17 22:44:46,020 | INFO | faster_whisper | VAD filter removed 00:01.040 of audio
2026-08-17 22:44:47,906 | INFO | faster_whisper | Processing audio with duration 00:01.520
2026-08-17 22:44:47,909 | INFO | faster_whisper | VAD filter removed 00:01.520 of audio
2026-08-17 22:45:42,954 | INFO | faster_whisper | Processing audio with duration 00:03.440
2026-08-17 22:45:42,959 | INFO | faster_whisper | VAD filter removed 00:00.880 of audio
2026-08-17 22:45:44,165 | INFO | assistant | Recognized speech: we go to
2026-08-17 22:45:44,166 | INFO | whisper | Microphone capture paused.
2026-08-17 22:45:44,166 | INFO | tts | Speaking: Sorry, I didn't understand that command.
2026-08-17 22:45:47,799 | INFO | whisper | Microphone capture resumed.
2026-08-17 22:45:55,919 | INFO | faster_whisper | Processing audio with duration 00:01.040
2026-08-17 22:45:55,921 | INFO | faster_whisper | VAD filter removed 00:01.040 of audio
2026-08-17 22:46:02,474 | INFO | faster_whisper | Processing audio with duration 00:01.040
2026-08-17 22:46:02,477 | INFO | faster_whisper | VAD filter removed 00:01.040 of audio
2026-08-17 22:46:04,160 | INFO | faster_whisper | Processing audio with duration 00:01.200
2026-08-17 22:46:04,162 | INFO | faster_whisper | VAD filter removed 00:00.080 of audio
2026-08-17 22:46:06,836 | INFO | assistant | Recognized speech: okay. okay. okay. okay. okay. okay. okay. okay. okay. okay. okay. okay. okay. okay. okay. okay. okay. okay. okay. okay. okay. okay. okay. okay. okay.
2026-08-17 22:46:06,836 | INFO | whisper | Microphone capture paused.
2026-08-17 22:46:06,837 | INFO | tts | Speaking: Sorry, I didn't understand that command.
2026-08-17 22:46:10,331 | INFO | whisper | Microphone capture resumed.
2026-08-17 22:46:18,166 | INFO | faster_whisper | Processing audio with duration 00:01.200
2026-08-17 22:46:18,169 | INFO | faster_whisper | VAD filter removed 00:00.000 of audio
2026-08-17 22:46:19,555 | INFO | assistant | Recognized speech: i'll see you next time.
2026-08-17 22:46:19,555 | INFO | whisper | Microphone capture paused.
2026-08-17 22:46:19,555 | INFO | tts | Speaking: Sorry, I didn't understand that command.
2026-08-17 22:46:23,159 | INFO | whisper | Microphone capture resumed.
2026-08-17 22:46:24,372 | INFO | faster_whisper | Processing audio with duration 00:01.120
2026-08-17 22:46:24,376 | INFO | faster_whisper | VAD filter removed 00:01.120 of audio
2026-08-17 22:46:33,306 | INFO | faster_whisper | Processing audio with duration 00:02.080
2026-08-17 22:46:33,311 | INFO | faster_whisper | VAD filter removed 00:02.080 of audio
2026-08-17 22:46:38,993 | INFO | faster_whisper | Processing audio with duration 00:01.120
2026-08-17 22:46:38,996 | INFO | faster_whisper | VAD filter removed 00:01.120 of audio
2026-08-17 22:46:48,667 | INFO | faster_whisper | Processing audio with duration 00:01.040
2026-08-17 22:46:48,669 | INFO | faster_whisper | VAD filter removed 00:01.040 of audio
2026-08-17 22:46:49,950 | INFO | faster_whisper | Processing audio with duration 00:01.280
2026-08-17 22:46:49,953 | INFO | faster_whisper | VAD filter removed 00:01.280 of audio
2026-08-17 22:46:53,629 | INFO | faster_whisper | Processing audio with duration 00:02.000
2026-08-17 22:46:53,632 | INFO | faster_whisper | VAD filter removed 00:00.000 of audio
2026-08-17 22:46:57,979 | INFO | assistant | Recognized speech: i don't know. i don't know. i don't know. i don't know. i don't know. i don't know. i don't know. i don't know. i don't know. i don't know. i don't know. i don't know. i don't know. i don't know. i don't know. i don't know. i don't know. i don't know. i don't know. i don't know. i don't know. i don't know. i don't know. i don't know. i don't know. i don't know. i don't know.
2026-08-17 22:46:57,979 | INFO | whisper | Microphone capture paused.
2026-08-17 22:46:57,980 | INFO | tts | Speaking: Sorry, I didn't understand that command.
2026-08-17 22:47:01,445 | INFO | whisper | Microphone capture resumed.
2026-08-17 22:47:02,355 | INFO | faster_whisper | Processing audio with duration 00:00.880
2026-08-17 22:47:02,375 | INFO | faster_whisper | VAD filter removed 00:00.000 of audio
2026-08-17 22:47:03,282 | INFO | assistant | Recognized speech: all right.
2026-08-17 22:47:03,282 | INFO | whisper | Microphone capture paused.
2026-08-17 22:47:03,282 | INFO | tts | Speaking: Sorry, I didn't understand that command.
2026-08-17 22:47:06,762 | INFO | whisper | Microphone capture resumed.
2026-08-17 22:47:07,731 | INFO | faster_whisper | Processing audio with duration 00:00.960
2026-08-17 22:47:07,734 | INFO | faster_whisper | VAD filter removed 00:00.000 of audio
2026-08-17 22:47:08,773 | INFO | assistant | Recognized speech: we'll see you in the next one. bye.
2026-08-17 22:47:08,773 | INFO | whisper | Microphone capture paused.
2026-08-17 22:47:08,773 | INFO | tts | Speaking: Sorry, I didn't understand that command.
2026-08-17 22:47:12,258 | INFO | whisper | Microphone capture resumed.
2026-08-17 22:47:17,458 | INFO | faster_whisper | Processing audio with duration 00:03.360
2026-08-17 22:47:17,463 | INFO | faster_whisper | VAD filter removed 00:00.000 of audio
2026-08-17 22:47:18,350 | INFO | whisper | Whisper microphone closed.
2026-08-17 22:47:18,354 | INFO | whisper | Whisper microphone closed.
2026-08-17 22:47:18,355 | INFO | assistant | Assistant stopped.
2026-08-17 22:52:38,767 | INFO | comtypes.client._code_cache | Imported existing <module 'comtypes.gen' from 'C:\\Users\\DELL\\OneDrive\\Desktop\\offline_voice_assistant\\.venv\\lib\\site-packages\\comtypes\\gen\\__init__.py'>
2026-08-17 22:52:38,768 | INFO | comtypes.client._code_cache | Using writeable comtypes cache directory: 'C:\Users\DELL\OneDrive\Desktop\offline_voice_assistant\.venv\lib\site-packages\comtypes\gen'
2026-08-17 22:52:39,012 | INFO | tts | Selected female voice: Microsoft Hazel Desktop - English (Great Britain)
2026-08-17 22:52:40,035 | INFO | httpx | HTTP Request: GET https://huggingface.co/api/models/Systran/faster-whisper-base.en/revision/main "HTTP/1.1 200 OK"
2026-08-17 22:52:43,190 | INFO | faster_whisper | Processing audio with duration 00:00.800
2026-08-17 22:52:43,367 | INFO | faster_whisper | VAD filter removed 00:00.800 of audio
2026-08-17 22:54:58,597 | INFO | faster_whisper | Processing audio with duration 00:01.040
2026-08-17 22:54:58,610 | INFO | faster_whisper | VAD filter removed 00:01.040 of audio
2026-08-17 22:54:59,795 | INFO | faster_whisper | Processing audio with duration 00:01.040
2026-08-17 22:54:59,799 | INFO | faster_whisper | VAD filter removed 00:00.000 of audio
2026-08-17 22:55:02,324 | INFO | assistant | Recognized speech: okay. okay. okay. okay. okay. okay. okay. okay. okay. okay. okay. okay. okay. okay. okay. okay. okay. okay. okay. okay. okay. okay. okay. okay. okay. okay. okay.
2026-08-17 22:55:02,326 | INFO | whisper | Microphone capture paused.
2026-08-17 22:55:02,327 | INFO | tts | Speaking: Sorry, I didn't understand that command.
2026-08-17 22:55:05,918 | INFO | whisper | Microphone capture resumed.
2026-08-17 22:55:18,419 | INFO | faster_whisper | Processing audio with duration 00:01.840
2026-08-17 22:55:18,422 | INFO | faster_whisper | VAD filter removed 00:01.840 of audio
2026-08-17 22:55:22,820 | INFO | faster_whisper | Processing audio with duration 00:01.200
2026-08-17 22:55:22,824 | INFO | faster_whisper | VAD filter removed 00:01.200 of audio
2026-08-17 22:55:29,495 | INFO | faster_whisper | Processing audio with duration 00:01.040
2026-08-17 22:55:29,498 | INFO | faster_whisper | VAD filter removed 00:01.040 of audio
2026-08-17 22:55:33,027 | INFO | faster_whisper | Processing audio with duration 00:02.160
2026-08-17 22:55:33,033 | INFO | faster_whisper | VAD filter removed 00:02.160 of audio
2026-08-17 22:55:51,644 | INFO | faster_whisper | Processing audio with duration 00:01.040
2026-08-17 22:55:51,647 | INFO | faster_whisper | VAD filter removed 00:01.040 of audio
2026-08-17 22:55:52,866 | INFO | faster_whisper | Processing audio with duration 00:01.040
2026-08-17 22:55:52,868 | INFO | faster_whisper | VAD filter removed 00:01.040 of audio
2026-08-17 22:56:27,247 | INFO | faster_whisper | Processing audio with duration 00:01.120
2026-08-17 22:56:27,248 | INFO | faster_whisper | VAD filter removed 00:01.120 of audio
2026-08-17 22:56:30,851 | INFO | faster_whisper | Processing audio with duration 00:01.600
2026-08-17 22:56:30,855 | INFO | faster_whisper | VAD filter removed 00:00.016 of audio
2026-08-17 22:56:31,881 | INFO | assistant | Recognized speech: have a good evening.
2026-08-17 22:56:31,881 | INFO | whisper | Microphone capture paused.
2026-08-17 22:56:31,881 | INFO | tts | Speaking: Sorry, I didn't understand that command.
2026-08-17 22:56:35,479 | INFO | whisper | Microphone capture resumed.
2026-08-17 22:56:39,171 | INFO | faster_whisper | Processing audio with duration 00:02.000
2026-08-17 22:56:39,175 | INFO | faster_whisper | VAD filter removed 00:00.000 of audio
2026-08-17 22:56:40,315 | INFO | assistant | Recognized speech: and i'm going to send you a quick look at that.
2026-08-17 22:56:40,316 | INFO | whisper | Microphone capture paused.
2026-08-17 22:56:40,316 | INFO | tts | Speaking: Sorry, I didn't understand that command.
2026-08-17 22:56:43,866 | INFO | whisper | Microphone capture resumed.
2026-08-17 22:57:02,574 | INFO | faster_whisper | Processing audio with duration 00:01.040
2026-08-17 22:57:02,576 | INFO | faster_whisper | VAD filter removed 00:01.040 of audio
2026-08-17 22:57:14,416 | INFO | faster_whisper | Processing audio with duration 00:01.280
2026-08-17 22:57:14,419 | INFO | faster_whisper | VAD filter removed 00:00.144 of audio
2026-08-17 22:57:15,303 | INFO | assistant | Recognized speech: and that's it.
2026-08-17 22:57:15,303 | INFO | whisper | Microphone capture paused.
2026-08-17 22:57:15,303 | INFO | tts | Speaking: Sorry, I didn't understand that command.
2026-08-17 22:57:19,513 | INFO | whisper | Microphone capture resumed.
2026-08-17 22:57:27,942 | INFO | faster_whisper | Processing audio with duration 00:01.040
2026-08-17 22:57:27,946 | INFO | faster_whisper | VAD filter removed 00:01.040 of audio
2026-08-17 22:57:27,977 | WARNING | whisper | Audio status: input overflow
2026-08-17 22:57:30,244 | INFO | faster_whisper | Processing audio with duration 00:02.080
2026-08-17 22:57:30,253 | INFO | faster_whisper | VAD filter removed 00:02.080 of audio
2026-08-17 22:57:34,066 | INFO | faster_whisper | Processing audio with duration 00:01.120
2026-08-17 22:57:34,072 | INFO | faster_whisper | VAD filter removed 00:01.120 of audio
2026-08-17 22:57:36,360 | INFO | faster_whisper | Processing audio with duration 00:01.040
2026-08-17 22:57:36,365 | INFO | faster_whisper | VAD filter removed 00:01.040 of audio
2026-08-17 22:57:39,804 | INFO | faster_whisper | Processing audio with duration 00:01.040
2026-08-17 22:57:39,808 | INFO | faster_whisper | VAD filter removed 00:01.040 of audio
2026-08-17 22:57:42,042 | INFO | faster_whisper | Processing audio with duration 00:01.120
2026-08-17 22:57:42,047 | INFO | faster_whisper | VAD filter removed 00:01.120 of audio
2026-08-17 22:57:43,040 | INFO | faster_whisper | Processing audio with duration 00:00.960
2026-08-17 22:57:43,044 | INFO | faster_whisper | VAD filter removed 00:00.960 of audio
2026-08-17 22:58:12,914 | INFO | faster_whisper | Processing audio with duration 00:01.120
2026-08-17 22:58:12,918 | INFO | faster_whisper | VAD filter removed 00:01.120 of audio
2026-08-17 22:59:34,689 | INFO | faster_whisper | Processing audio with duration 00:01.920
2026-08-17 22:59:34,701 | INFO | faster_whisper | VAD filter removed 00:01.920 of audio
2026-08-17 22:59:35,730 | INFO | faster_whisper | Processing audio with duration 00:01.040
2026-08-17 22:59:35,734 | INFO | faster_whisper | VAD filter removed 00:01.040 of audio
2026-08-17 22:59:38,291 | INFO | faster_whisper | Processing audio with duration 00:01.760
2026-08-17 22:59:38,297 | INFO | faster_whisper | VAD filter removed 00:00.000 of audio
2026-08-17 22:59:41,234 | INFO | assistant | Recognized speech: okay. okay. okay. okay. okay. okay. okay. okay. okay. okay. okay. okay. okay. okay. okay. okay. okay. okay. okay. okay. okay. okay. okay. okay.
2026-08-17 22:59:41,235 | INFO | whisper | Microphone capture paused.
2026-08-17 22:59:41,235 | INFO | tts | Speaking: Sorry, I didn't understand that command.
2026-08-17 22:59:45,289 | INFO | whisper | Microphone capture resumed.
2026-08-17 23:00:19,747 | INFO | whisper | Whisper microphone closed.
2026-08-17 23:00:19,750 | INFO | whisper | Whisper microphone closed.
2026-08-17 23:00:19,763 | INFO | assistant | Assistant stopped.
2026-08-18 15:20:44,567 | INFO | comtypes.client._code_cache | Imported existing <module 'comtypes.gen' from 'C:\\Users\\DELL\\OneDrive\\Desktop\\offline_voice_assistant\\.venv\\lib\\site-packages\\comtypes\\gen\\__init__.py'>
2026-08-18 15:20:44,568 | INFO | comtypes.client._code_cache | Using writeable comtypes cache directory: 'C:\Users\DELL\OneDrive\Desktop\offline_voice_assistant\.venv\lib\site-packages\comtypes\gen'
2026-08-18 15:20:45,219 | INFO | tts | Selected female voice: Microsoft Hazel Desktop - English (Great Britain)
2026-08-18 15:20:47,035 | INFO | httpx | HTTP Request: GET https://huggingface.co/api/models/Systran/faster-whisper-base.en/revision/main "HTTP/1.1 200 OK"
2026-08-18 15:20:51,643 | INFO | faster_whisper | Processing audio with duration 00:01.440
2026-08-18 15:20:52,023 | INFO | faster_whisper | VAD filter removed 00:00.000 of audio
2026-08-18 15:20:54,117 | INFO | assistant | Recognized speech: that's really fun.
2026-08-18 15:20:54,122 | INFO | whisper | Microphone capture paused.
2026-08-18 15:20:54,122 | INFO | tts | Speaking: Sorry, I didn't understand that command.
2026-08-18 15:21:01,051 | INFO | whisper | Microphone capture resumed.
2026-08-18 15:21:04,670 | INFO | faster_whisper | Processing audio with duration 00:02.240
2026-08-18 15:21:04,684 | INFO | faster_whisper | VAD filter removed 00:02.240 of audio
2026-08-18 15:21:07,722 | INFO | faster_whisper | Processing audio with duration 00:01.120
2026-08-18 15:21:07,728 | INFO | faster_whisper | VAD filter removed 00:00.000 of audio
2026-08-18 15:21:13,217 | INFO | assistant | Recognized speech: okay. all right. all right. all right. all right. all right. all right. all right. all right. all right. all right. all right. all right. all right. all right. all right. all right. all right. all right. all right. all right. all right. all right. all right. all right. all right.
2026-08-18 15:21:13,230 | INFO | whisper | Microphone capture paused.
2026-08-18 15:21:13,230 | INFO | tts | Speaking: Sorry, I didn't understand that command.
2026-08-18 15:21:19,257 | INFO | whisper | Microphone capture resumed.
2026-08-18 15:21:20,422 | INFO | faster_whisper | Processing audio with duration 00:01.040
2026-08-18 15:21:20,427 | INFO | faster_whisper | VAD filter removed 00:01.040 of audio
2026-08-18 15:21:22,912 | INFO | faster_whisper | Processing audio with duration 00:01.120
2026-08-18 15:21:22,918 | INFO | faster_whisper | VAD filter removed 00:01.120 of audio
2026-08-18 15:21:26,576 | INFO | faster_whisper | Processing audio with duration 00:02.640
2026-08-18 15:21:26,587 | INFO | faster_whisper | VAD filter removed 00:00.000 of audio
2026-08-18 15:21:28,652 | INFO | assistant | Recognized speech: oh
2026-08-18 15:21:28,669 | INFO | whisper | Microphone capture paused.
2026-08-18 15:21:28,670 | INFO | tts | Speaking: Sorry, I didn't understand that command.
2026-08-18 15:21:34,292 | INFO | whisper | Microphone capture resumed.
2026-08-18 15:21:36,165 | INFO | faster_whisper | Processing audio with duration 00:01.760
2026-08-18 15:21:36,175 | INFO | faster_whisper | VAD filter removed 00:00.000 of audio
2026-08-18 15:21:40,948 | INFO | assistant | Recognized speech: okay. all right. all right. all right. all right. all right. all right. all right. all right. all right. all right. all right. all right. all right. all right. all right. all right. all right. all right. all right. all right. all right. all right. all right. all right. all right.
2026-08-18 15:21:40,948 | INFO | whisper | Microphone capture paused.
2026-08-18 15:21:40,949 | INFO | tts | Speaking: Sorry, I didn't understand that command.
2026-08-18 15:21:45,596 | INFO | whisper | Microphone capture resumed.
2026-08-18 15:21:46,692 | INFO | whisper | Whisper microphone closed.
2026-08-18 15:21:46,692 | INFO | whisper | Whisper microphone closed.
2026-08-18 15:21:46,693 | INFO | assistant | Assistant stopped.
2026-08-18 15:40:35,354 | INFO | comtypes.client._code_cache | Imported existing <module 'comtypes.gen' from 'C:\\Users\\DELL\\OneDrive\\Desktop\\offline_voice_assistant\\.venv\\lib\\site-packages\\comtypes\\gen\\__init__.py'>
2026-08-18 15:40:35,355 | INFO | comtypes.client._code_cache | Using writeable comtypes cache directory: 'C:\Users\DELL\OneDrive\Desktop\offline_voice_assistant\.venv\lib\site-packages\comtypes\gen'
2026-08-18 15:40:35,677 | INFO | tts | Selected female voice: Microsoft Hazel Desktop - English (Great Britain)
2026-08-18 15:40:36,910 | INFO | httpx | HTTP Request: GET https://huggingface.co/api/models/Systran/faster-whisper-base.en/revision/main "HTTP/1.1 200 OK"
2026-08-18 15:40:41,545 | INFO | faster_whisper | Processing audio with duration 00:01.040
2026-08-18 15:40:41,796 | INFO | faster_whisper | VAD filter removed 00:01.040 of audio
2026-08-18 15:40:44,051 | INFO | faster_whisper | Processing audio with duration 00:01.360
2026-08-18 15:40:44,056 | INFO | faster_whisper | VAD filter removed 00:01.360 of audio
2026-08-18 15:40:45,479 | INFO | faster_whisper | Processing audio with duration 00:01.040
2026-08-18 15:40:45,483 | INFO | faster_whisper | VAD filter removed 00:01.040 of audio
2026-08-18 15:40:57,136 | INFO | faster_whisper | Processing audio with duration 00:01.040
2026-08-18 15:40:57,139 | INFO | faster_whisper | VAD filter removed 00:01.040 of audio
2026-08-18 15:41:00,127 | INFO | faster_whisper | Processing audio with duration 00:01.040
2026-08-18 15:41:00,130 | INFO | faster_whisper | VAD filter removed 00:01.040 of audio
2026-08-18 15:41:43,711 | INFO | faster_whisper | Processing audio with duration 00:01.040
2026-08-18 15:41:43,714 | INFO | faster_whisper | VAD filter removed 00:01.040 of audio
2026-08-18 15:41:59,069 | INFO | faster_whisper | Processing audio with duration 00:01.040
2026-08-18 15:41:59,072 | INFO | faster_whisper | VAD filter removed 00:00.000 of audio
2026-08-18 15:42:01,968 | INFO | assistant | Recognized speech: bye. bye. bye. bye. bye. bye. bye. bye. bye. bye. bye. bye. bye. bye. bye. bye. bye. bye. bye. bye. bye. bye. bye. bye. bye.
2026-08-18 15:42:01,972 | INFO | whisper | Microphone capture paused.
2026-08-18 15:42:01,972 | INFO | tts | Speaking: Sorry, I didn't understand that command.
2026-08-18 15:42:07,066 | INFO | whisper | Microphone capture resumed.
2026-08-18 15:42:07,902 | INFO | whisper | Whisper microphone closed.
2026-08-18 15:42:07,902 | INFO | whisper | Whisper microphone closed.
2026-08-18 15:42:07,903 | INFO | assistant | Assistant stopped.
2026-08-18 15:46:08,108 | INFO | comtypes.client._code_cache | Imported existing <module 'comtypes.gen' from 'C:\\Users\\DELL\\OneDrive\\Desktop\\offline_voice_assistant\\.venv\\lib\\site-packages\\comtypes\\gen\\__init__.py'>
2026-08-18 15:46:08,109 | INFO | comtypes.client._code_cache | Using writeable comtypes cache directory: 'C:\Users\DELL\OneDrive\Desktop\offline_voice_assistant\.venv\lib\site-packages\comtypes\gen'
2026-08-18 15:46:08,260 | INFO | tts | Selected female voice: Microsoft Hazel Desktop - English (Great Britain)
2026-08-18 15:46:09,136 | INFO | httpx | HTTP Request: GET https://huggingface.co/api/models/Systran/faster-whisper-base.en/revision/main "HTTP/1.1 200 OK"
2026-08-18 15:46:23,332 | INFO | faster_whisper | Processing audio with duration 00:01.040
2026-08-18 15:46:23,549 | INFO | faster_whisper | VAD filter removed 00:01.040 of audio
2026-08-18 15:46:25,894 | INFO | faster_whisper | Processing audio with duration 00:01.040
2026-08-18 15:46:25,897 | INFO | faster_whisper | VAD filter removed 00:01.040 of audio
2026-08-18 15:46:52,456 | INFO | faster_whisper | Processing audio with duration 00:01.040
2026-08-18 15:46:52,462 | INFO | faster_whisper | VAD filter removed 00:01.040 of audio
2026-08-18 15:47:12,939 | INFO | faster_whisper | Processing audio with duration 00:01.040
2026-08-18 15:47:12,944 | INFO | faster_whisper | VAD filter removed 00:01.040 of audio
2026-08-18 15:47:17,957 | INFO | whisper | Whisper microphone closed.
2026-08-18 15:47:17,958 | INFO | whisper | Whisper microphone closed.
2026-08-18 15:47:17,963 | INFO | assistant | Assistant stopped.
2026-08-18 15:51:03,460 | INFO | comtypes.client._code_cache | Imported existing <module 'comtypes.gen' from 'C:\\Users\\DELL\\OneDrive\\Desktop\\offline_voice_assistant\\.venv\\lib\\site-packages\\comtypes\\gen\\__init__.py'>
2026-08-18 15:51:03,462 | INFO | comtypes.client._code_cache | Using writeable comtypes cache directory: 'C:\Users\DELL\OneDrive\Desktop\offline_voice_assistant\.venv\lib\site-packages\comtypes\gen'
2026-08-18 15:51:03,839 | INFO | tts | Selected female voice: Microsoft Hazel Desktop - English (Great Britain)
2026-08-18 15:51:05,028 | INFO | httpx | HTTP Request: GET https://huggingface.co/api/models/Systran/faster-whisper-base.en/revision/main "HTTP/1.1 200 OK"
2026-08-18 15:51:32,201 | INFO | faster_whisper | Processing audio with duration 00:01.040
2026-08-18 15:51:32,411 | INFO | faster_whisper | VAD filter removed 00:01.040 of audio
2026-08-18 15:51:45,328 | INFO | faster_whisper | Processing audio with duration 00:01.120
2026-08-18 15:51:45,340 | INFO | faster_whisper | VAD filter removed 00:01.120 of audio
2026-08-18 15:51:52,243 | INFO | faster_whisper | Processing audio with duration 00:01.120
2026-08-18 15:51:52,246 | INFO | faster_whisper | VAD filter removed 00:01.120 of audio
2026-08-18 15:52:04,649 | INFO | faster_whisper | Processing audio with duration 00:01.040
2026-08-18 15:52:04,653 | INFO | faster_whisper | VAD filter removed 00:01.040 of audio
2026-08-18 15:52:11,292 | INFO | faster_whisper | Processing audio with duration 00:02.240
2026-08-18 15:52:11,298 | INFO | faster_whisper | VAD filter removed 00:00.000 of audio
2026-08-18 15:52:14,944 | INFO | assistant | Recognized speech: okay. okay. okay. okay. okay. okay. okay. okay. okay. okay. okay. okay. okay. okay. okay. okay. okay. okay. okay. okay. okay. okay. okay. okay. okay. okay. okay.
2026-08-18 15:52:14,948 | INFO | whisper | Microphone capture paused.
2026-08-18 15:52:14,948 | INFO | tts | Speaking: Sorry, I didn't understand that command.
2026-08-18 15:52:20,556 | INFO | whisper | Microphone capture resumed.
2026-08-18 15:52:23,829 | INFO | faster_whisper | Processing audio with duration 00:01.040
2026-08-18 15:52:23,832 | INFO | faster_whisper | VAD filter removed 00:01.040 of audio
2026-08-18 15:52:26,495 | INFO | faster_whisper | Processing audio with duration 00:01.200
2026-08-18 15:52:26,502 | INFO | faster_whisper | VAD filter removed 00:01.200 of audio
2026-08-18 15:52:28,006 | INFO | faster_whisper | Processing audio with duration 00:01.280
2026-08-18 15:52:28,016 | INFO | faster_whisper | VAD filter removed 00:00.000 of audio
2026-08-18 15:52:29,668 | INFO | assistant | Recognized speech: no.
2026-08-18 15:52:29,669 | INFO | whisper | Microphone capture paused.
2026-08-18 15:52:29,669 | INFO | tts | Speaking: Sorry, I didn't understand that command.
2026-08-18 15:52:34,645 | INFO | whisper | Microphone capture resumed.
2026-08-18 15:57:19,019 | INFO | comtypes.client._code_cache | Imported existing <module 'comtypes.gen' from 'C:\\Users\\DELL\\OneDrive\\Desktop\\offline_voice_assistant\\.venv\\lib\\site-packages\\comtypes\\gen\\__init__.py'>
2026-08-18 15:57:19,020 | INFO | comtypes.client._code_cache | Using writeable comtypes cache directory: 'C:\Users\DELL\OneDrive\Desktop\offline_voice_assistant\.venv\lib\site-packages\comtypes\gen'
2026-08-18 15:57:19,252 | INFO | tts | Selected female voice: Microsoft Hazel Desktop - English (Great Britain)
2026-08-18 15:57:20,186 | INFO | httpx | HTTP Request: GET https://huggingface.co/api/models/Systran/faster-whisper-base.en/revision/main "HTTP/1.1 200 OK"
2026-08-18 15:58:41,929 | INFO | faster_whisper | Processing audio with duration 00:01.280
2026-08-18 15:58:42,251 | INFO | faster_whisper | VAD filter removed 00:01.280 of audio
2026-08-18 15:59:56,745 | INFO | faster_whisper | Processing audio with duration 00:01.040
2026-08-18 15:59:56,774 | INFO | faster_whisper | VAD filter removed 00:01.040 of audio
2026-08-18 15:59:59,866 | INFO | faster_whisper | Processing audio with duration 00:01.040
2026-08-18 15:59:59,871 | INFO | faster_whisper | VAD filter removed 00:01.040 of audio
2026-08-18 16:00:00,731 | INFO | faster_whisper | Processing audio with duration 00:00.880
2026-08-18 16:00:00,734 | INFO | faster_whisper | VAD filter removed 00:00.880 of audio
2026-08-18 16:00:02,328 | INFO | faster_whisper | Processing audio with duration 00:01.040
2026-08-18 16:00:02,332 | INFO | faster_whisper | VAD filter removed 00:01.040 of audio
2026-08-18 16:00:46,820 | INFO | faster_whisper | Processing audio with duration 00:01.040
2026-08-18 16:00:46,825 | INFO | faster_whisper | VAD filter removed 00:01.040 of audio
2026-08-18 16:01:17,054 | INFO | faster_whisper | Processing audio with duration 00:01.040
2026-08-18 16:01:17,058 | INFO | faster_whisper | VAD filter removed 00:01.040 of audio
2026-08-18 16:01:22,508 | INFO | faster_whisper | Processing audio with duration 00:01.440
2026-08-18 16:01:22,514 | INFO | faster_whisper | VAD filter removed 00:01.440 of audio
2026-08-18 16:01:33,053 | INFO | faster_whisper | Processing audio with duration 00:01.040
2026-08-18 16:01:33,057 | INFO | faster_whisper | VAD filter removed 00:01.040 of audio
2026-08-18 16:02:17,365 | INFO | whisper | Whisper microphone closed.
2026-08-18 16:02:17,375 | INFO | whisper | Whisper microphone closed.
2026-08-18 16:02:17,398 | INFO | assistant | Assistant stopped.
2026-08-18 16:03:26,623 | INFO | comtypes.client._code_cache | Imported existing <module 'comtypes.gen' from 'C:\\Users\\DELL\\OneDrive\\Desktop\\offline_voice_assistant\\.venv\\lib\\site-packages\\comtypes\\gen\\__init__.py'>
2026-08-18 16:03:26,623 | INFO | comtypes.client._code_cache | Using writeable comtypes cache directory: 'C:\Users\DELL\OneDrive\Desktop\offline_voice_assistant\.venv\lib\site-packages\comtypes\gen'
2026-08-18 16:03:26,812 | INFO | tts | Selected female voice: Microsoft Hazel Desktop - English (Great Britain)
2026-08-18 16:03:27,727 | INFO | httpx | HTTP Request: GET https://huggingface.co/api/models/Systran/faster-whisper-base.en/revision/main "HTTP/1.1 200 OK"
2026-08-18 16:05:55,942 | INFO | faster_whisper | Processing audio with duration 00:01.520
2026-08-18 16:05:56,207 | INFO | faster_whisper | VAD filter removed 00:01.520 of audio
2026-08-18 16:05:58,968 | INFO | faster_whisper | Processing audio with duration 00:01.520
2026-08-18 16:05:58,974 | INFO | faster_whisper | VAD filter removed 00:01.520 of audio
2026-08-18 16:06:05,257 | INFO | faster_whisper | Processing audio with duration 00:01.440
2026-08-18 16:06:05,280 | INFO | faster_whisper | VAD filter removed 00:01.440 of audio
2026-08-18 16:06:06,451 | INFO | faster_whisper | Processing audio with duration 00:01.120
2026-08-18 16:06:06,458 | INFO | faster_whisper | VAD filter removed 00:01.120 of audio
2026-08-18 16:06:12,203 | INFO | faster_whisper | Processing audio with duration 00:01.280
2026-08-18 16:06:12,207 | INFO | faster_whisper | VAD filter removed 00:01.280 of audio
2026-08-18 16:06:15,971 | INFO | faster_whisper | Processing audio with duration 00:01.120
2026-08-18 16:06:15,974 | INFO | faster_whisper | VAD filter removed 00:01.120 of audio
2026-08-18 16:06:23,092 | INFO | faster_whisper | Processing audio with duration 00:01.040
2026-08-18 16:06:23,094 | INFO | faster_whisper | VAD filter removed 00:01.040 of audio
2026-08-18 16:06:29,857 | INFO | faster_whisper | Processing audio with duration 00:01.120
2026-08-18 16:06:29,863 | INFO | faster_whisper | VAD filter removed 00:01.120 of audio
2026-08-18 16:06:42,386 | INFO | faster_whisper | Processing audio with duration 00:01.040
2026-08-18 16:06:42,389 | INFO | faster_whisper | VAD filter removed 00:01.040 of audio
2026-08-18 16:06:44,397 | INFO | faster_whisper | Processing audio with duration 00:01.920
2026-08-18 16:06:44,401 | INFO | faster_whisper | VAD filter removed 00:01.920 of audio
2026-08-18 16:07:01,672 | INFO | faster_whisper | Processing audio with duration 00:01.040
2026-08-18 16:07:01,677 | INFO | faster_whisper | VAD filter removed 00:01.040 of audio
2026-08-18 16:07:02,900 | INFO | faster_whisper | Processing audio with duration 00:01.040
2026-08-18 16:07:02,906 | INFO | faster_whisper | VAD filter removed 00:01.040 of audio
2026-08-18 16:07:17,448 | INFO | faster_whisper | Processing audio with duration 00:01.040
2026-08-18 16:07:17,452 | INFO | faster_whisper | VAD filter removed 00:01.040 of audio
2026-08-18 16:07:22,386 | INFO | faster_whisper | Processing audio with duration 00:01.200
2026-08-18 16:07:22,392 | INFO | faster_whisper | VAD filter removed 00:01.200 of audio
2026-08-18 16:07:33,838 | INFO | faster_whisper | Processing audio with duration 00:01.040
2026-08-18 16:07:33,843 | INFO | faster_whisper | VAD filter removed 00:01.040 of audio
2026-08-18 16:07:37,422 | INFO | whisper | Whisper microphone closed.
2026-08-18 16:07:37,427 | INFO | whisper | Whisper microphone closed.
2026-08-18 16:07:37,435 | INFO | assistant | Assistant stopped.
2026-08-19 19:19:00,496 | INFO | comtypes.client._code_cache | Imported existing <module 'comtypes.gen' from 'C:\\Users\\DELL\\OneDrive\\Desktop\\offline_voice_assistant\\.venv\\lib\\site-packages\\comtypes\\gen\\__init__.py'>
2026-08-19 19:19:00,498 | INFO | comtypes.client._code_cache | Using writeable comtypes cache directory: 'C:\Users\DELL\OneDrive\Desktop\offline_voice_assistant\.venv\lib\site-packages\comtypes\gen'
2026-08-19 19:19:00,862 | INFO | tts | Selected female voice: Microsoft Hazel Desktop - English (Great Britain)
2026-08-19 19:19:02,394 | INFO | httpx | HTTP Request: GET https://huggingface.co/api/models/Systran/faster-whisper-base.en/revision/main "HTTP/1.1 200 OK"
2026-08-19 19:19:09,643 | INFO | faster_whisper | Processing audio with duration 00:01.680
2026-08-19 19:19:09,949 | INFO | faster_whisper | VAD filter removed 00:00.000 of audio
2026-08-19 19:19:11,290 | INFO | assistant | Recognized speech: you're part of basu!
2026-08-19 19:19:11,292 | INFO | whisper | Microphone capture paused.
2026-08-19 19:19:11,292 | INFO | tts | Speaking: Sorry, I didn't understand that command.
2026-08-19 19:19:14,945 | INFO | whisper | Microphone capture resumed.
2026-08-19 19:19:17,473 | INFO | faster_whisper | Processing audio with duration 00:01.040
2026-08-19 19:19:17,490 | INFO | faster_whisper | VAD filter removed 00:00.000 of audio
2026-08-19 19:19:18,423 | INFO | assistant | Recognized speech: take a look at that.
2026-08-19 19:19:18,424 | INFO | whisper | Microphone capture paused.
2026-08-19 19:19:18,424 | INFO | tts | Speaking: Sorry, I didn't understand that command.
2026-08-19 19:19:21,967 | INFO | whisper | Microphone capture resumed.
2026-08-19 19:19:35,073 | INFO | faster_whisper | Processing audio with duration 00:01.040
2026-08-19 19:19:35,079 | INFO | faster_whisper | VAD filter removed 00:00.000 of audio
2026-08-19 19:19:36,044 | INFO | assistant | Recognized speech: go ahead, java.
2026-08-19 19:19:36,045 | INFO | whisper | Microphone capture paused.
2026-08-19 19:19:36,045 | INFO | tts | Speaking: Sorry, I didn't understand that command.
2026-08-19 19:19:39,575 | INFO | whisper | Microphone capture resumed.
2026-08-19 19:19:46,574 | INFO | faster_whisper | Processing audio with duration 00:01.360
2026-08-19 19:19:46,579 | INFO | faster_whisper | VAD filter removed 00:00.000 of audio
2026-08-19 19:19:47,659 | INFO | assistant | Recognized speech: but yeah, at least like we are new
2026-08-19 19:19:47,659 | INFO | whisper | Microphone capture paused.
2026-08-19 19:19:47,659 | INFO | tts | Speaking: Sorry, I didn't understand that command.
2026-08-19 19:19:51,178 | INFO | whisper | Microphone capture resumed.
2026-08-19 19:20:00,335 | INFO | faster_whisper | Processing audio with duration 00:01.040
2026-08-19 19:20:00,339 | INFO | faster_whisper | VAD filter removed 00:00.208 of audio
2026-08-19 19:20:01,357 | INFO | assistant | Recognized speech: i'm coming.
2026-08-19 19:20:01,358 | INFO | whisper | Microphone capture paused.
2026-08-19 19:20:01,359 | INFO | tts | Speaking: Sorry, I didn't understand that command.
2026-08-19 19:20:04,899 | INFO | whisper | Microphone capture resumed.
2026-08-19 19:20:16,432 | INFO | whisper | Whisper microphone closed.
2026-08-19 19:20:16,436 | INFO | whisper | Whisper microphone closed.
2026-08-19 19:20:16,440 | INFO | assistant | Assistant stopped.
2026-08-19 19:36:56,014 | INFO | comtypes.client._code_cache | Imported existing <module 'comtypes.gen' from 'C:\\Users\\DELL\\OneDrive\\Desktop\\offline_voice_assistant\\.venv\\lib\\site-packages\\comtypes\\gen\\__init__.py'>
2026-08-19 19:36:56,016 | INFO | comtypes.client._code_cache | Using writeable comtypes cache directory: 'C:\Users\DELL\OneDrive\Desktop\offline_voice_assistant\.venv\lib\site-packages\comtypes\gen'
2026-08-19 19:36:56,477 | INFO | tts | Selected female voice: Microsoft Hazel Desktop - English (Great Britain)
2026-08-19 19:36:57,802 | INFO | httpx | HTTP Request: GET https://huggingface.co/api/models/Systran/faster-whisper-base.en/revision/main "HTTP/1.1 200 OK"
2026-08-19 19:37:18,245 | INFO | faster_whisper | Processing audio with duration 00:01.840
2026-08-19 19:37:18,459 | INFO | faster_whisper | VAD filter removed 00:00.000 of audio
2026-08-19 19:37:20,948 | INFO | assistant | Recognized speech: open let's say
2026-08-19 19:37:26,102 | INFO | safety | Open application 'let s say': Opening let s say.
2026-08-19 19:37:26,326 | INFO | whisper | Microphone capture paused.
2026-08-19 19:37:26,327 | INFO | tts | Speaking: Opening let s say.
2026-08-19 19:37:30,419 | INFO | whisper | Microphone capture resumed.
2026-08-19 19:37:55,784 | INFO | faster_whisper | Processing audio with duration 00:01.920
2026-08-19 19:37:55,788 | INFO | faster_whisper | VAD filter removed 00:00.000 of audio
2026-08-19 19:37:57,489 | INFO | assistant | Recognized speech: many months when you
2026-08-19 19:37:57,490 | INFO | whisper | Microphone capture paused.
2026-08-19 19:37:57,490 | INFO | tts | Speaking: Sorry, I didn't understand that command.
2026-08-19 19:38:01,376 | INFO | whisper | Microphone capture resumed.
2026-08-19 19:38:03,889 | INFO | faster_whisper | Processing audio with duration 00:01.120
2026-08-19 19:38:03,893 | INFO | faster_whisper | VAD filter removed 00:00.000 of audio
2026-08-19 19:38:05,511 | INFO | assistant | Recognized speech: minimizing windows.
2026-08-19 19:38:05,511 | INFO | whisper | Microphone capture paused.
2026-08-19 19:38:05,513 | INFO | tts | Speaking: Sorry, I didn't understand that command.
2026-08-19 19:38:09,205 | INFO | whisper | Microphone capture resumed.
2026-08-19 19:38:14,828 | INFO | faster_whisper | Processing audio with duration 00:01.040
2026-08-19 19:38:14,832 | INFO | faster_whisper | VAD filter removed 00:00.000 of audio
2026-08-19 19:38:16,699 | INFO | assistant | Recognized speech: i'm calling.
2026-08-19 19:38:16,714 | INFO | whisper | Microphone capture paused.
2026-08-19 19:38:16,714 | INFO | tts | Speaking: Sorry, I didn't understand that command.
2026-08-19 19:38:20,470 | INFO | whisper | Microphone capture resumed.
2026-08-19 19:38:33,057 | INFO | faster_whisper | Processing audio with duration 00:01.040
2026-08-19 19:38:33,061 | INFO | faster_whisper | VAD filter removed 00:01.040 of audio
2026-08-19 19:38:40,499 | INFO | faster_whisper | Processing audio with duration 00:01.840
2026-08-19 19:38:40,504 | INFO | faster_whisper | VAD filter removed 00:00.000 of audio
2026-08-19 19:38:41,661 | INFO | assistant | Recognized speech: open three vadu vpn
2026-08-19 19:38:45,674 | INFO | safety | Open application 'three vadu vpn': Opening three vadu vpn.
2026-08-19 19:38:45,730 | INFO | whisper | Microphone capture paused.
2026-08-19 19:38:45,731 | INFO | tts | Speaking: Opening three vadu vpn.
2026-08-19 19:38:48,478 | WARNING | whisper | Audio status: input overflow
2026-08-19 19:38:49,497 | INFO | whisper | Microphone capture resumed.
2026-08-19 19:39:07,585 | INFO | faster_whisper | Processing audio with duration 00:01.920
2026-08-19 19:39:07,589 | INFO | faster_whisper | VAD filter removed 00:00.000 of audio
2026-08-19 19:39:17,775 | INFO | assistant | Recognized speech: open 3-1-2-2-1-1-1-1-1-1-1-1-1-1-1-1-1-1-1-1-1-1-1-1-1-1-1-1-1-1-1-1-1-1-1-1-1-1-1-1-1-1-1-1-1-1-1-1-1-1-1-1-1-1-1-1-1-1-1-1-1-1-1-1-1-1-1-1-1-1-1-1-1-1-1-1-1-1-1-1-1-1-1-1-1-1-1-1-1-1-1-1-1-1-1-1-1-1-1-1-1-1-1-1-1-1-1-1-1-1-1-
2026-08-19 19:39:17,795 | INFO | whisper | Microphone capture paused.
2026-08-19 19:39:17,796 | INFO | tts | Speaking: Sorry, I didn't understand that command.
2026-08-19 19:39:21,638 | INFO | whisper | Microphone capture resumed.
2026-08-19 19:39:25,271 | INFO | faster_whisper | Processing audio with duration 00:01.040
2026-08-19 19:39:25,275 | INFO | faster_whisper | VAD filter removed 00:01.040 of audio
2026-08-19 19:39:29,508 | INFO | faster_whisper | Processing audio with duration 00:02.480
2026-08-19 19:39:29,513 | INFO | faster_whisper | VAD filter removed 00:00.000 of audio
2026-08-19 19:39:30,827 | INFO | assistant | Recognized speech: close pre-order vpn
2026-08-19 19:39:30,838 | INFO | safety | Close window 'pre-order vpn': I couldn't find an open pre-order vpn window.
2026-08-19 19:39:30,840 | INFO | whisper | Microphone capture paused.
2026-08-19 19:39:30,840 | INFO | tts | Speaking: I couldn't find an open pre-order vpn window.
2026-08-19 19:39:34,919 | INFO | whisper | Microphone capture resumed.
2026-08-19 19:39:35,900 | INFO | faster_whisper | Processing audio with duration 00:00.960
2026-08-19 19:39:35,903 | INFO | faster_whisper | VAD filter removed 00:00.000 of audio
2026-08-19 19:39:37,323 | INFO | assistant | Recognized speech: i'm closing three.
2026-08-19 19:39:37,323 | INFO | whisper | Microphone capture paused.
2026-08-19 19:39:37,323 | INFO | tts | Speaking: Sorry, I didn't understand that command.
2026-08-19 19:39:40,918 | INFO | whisper | Microphone capture resumed.
2026-08-19 19:39:43,517 | INFO | faster_whisper | Processing audio with duration 00:01.840
2026-08-19 19:39:43,525 | INFO | faster_whisper | VAD filter removed 00:00.000 of audio
2026-08-19 19:39:44,759 | INFO | assistant | Recognized speech: open not thank you
2026-08-19 19:39:44,826 | ERROR | app_launcher | Windows Search fallback failed
Traceback (most recent call last):
  File "C:\Users\DELL\OneDrive\Desktop\offline_voice_assistant\app_launcher.py", line 259, in _windows_search
    pyautogui.press("win")
  File "C:\Users\DELL\OneDrive\Desktop\offline_voice_assistant\.venv\lib\site-packages\pyautogui\__init__.py", line 593, in wrapper
    failSafeCheck()
  File "C:\Users\DELL\OneDrive\Desktop\offline_voice_assistant\.venv\lib\site-packages\pyautogui\__init__.py", line 1734, in failSafeCheck
    raise FailSafeException(
pyautogui.FailSafeException: PyAutoGUI fail-safe triggered from mouse moving to a corner of the screen. To disable this fail-safe, set pyautogui.FAILSAFE to False. DISABLING FAIL-SAFE IS NOT RECOMMENDED.
2026-08-19 19:39:44,835 | INFO | safety | Open application 'not thank you': Unable to find not thank you on this PC.
2026-08-19 19:39:44,836 | INFO | whisper | Microphone capture paused.
2026-08-19 19:39:44,836 | INFO | tts | Speaking: Unable to find not thank you on this PC.
2026-08-19 19:39:48,454 | INFO | whisper | Microphone capture resumed.
2026-08-19 19:39:50,551 | INFO | faster_whisper | Processing audio with duration 00:01.680
2026-08-19 19:39:50,556 | INFO | faster_whisper | VAD filter removed 00:00.000 of audio
2026-08-19 19:39:51,945 | INFO | assistant | Recognized speech: to find not bad on this piece.
2026-08-19 19:39:51,946 | INFO | whisper | Microphone capture paused.
2026-08-19 19:39:51,946 | INFO | tts | Speaking: Sorry, I didn't understand that command.
2026-08-19 19:39:55,599 | INFO | whisper | Microphone capture resumed.
2026-08-19 19:40:03,932 | INFO | faster_whisper | Processing audio with duration 00:01.120
2026-08-19 19:40:03,944 | INFO | faster_whisper | VAD filter removed 00:01.120 of audio
2026-08-19 19:40:07,826 | INFO | faster_whisper | Processing audio with duration 00:01.680
2026-08-19 19:40:07,846 | INFO | faster_whisper | VAD filter removed 00:00.000 of audio
2026-08-19 19:40:09,695 | INFO | assistant | Recognized speech: close not bad.
2026-08-19 19:40:09,703 | INFO | safety | Close window 'not bad': I couldn't find an open not bad window.
2026-08-19 19:40:09,705 | INFO | whisper | Microphone capture paused.
2026-08-19 19:40:09,705 | INFO | tts | Speaking: I couldn't find an open not bad window.
2026-08-19 19:40:13,260 | INFO | whisper | Microphone capture resumed.
2026-08-19 19:40:14,247 | INFO | faster_whisper | Processing audio with duration 00:00.960
2026-08-19 19:40:14,250 | INFO | faster_whisper | VAD filter removed 00:00.960 of audio
2026-08-19 19:40:15,927 | INFO | faster_whisper | Processing audio with duration 00:01.120
2026-08-19 19:40:15,930 | INFO | faster_whisper | VAD filter removed 00:01.120 of audio
2026-08-19 19:40:17,108 | INFO | faster_whisper | Processing audio with duration 00:01.040
2026-08-19 19:40:17,129 | INFO | faster_whisper | VAD filter removed 00:01.040 of audio
2026-08-19 19:40:26,248 | INFO | faster_whisper | Processing audio with duration 00:01.680
2026-08-19 19:40:26,252 | INFO | faster_whisper | VAD filter removed 00:00.000 of audio
2026-08-19 19:40:28,120 | INFO | assistant | Recognized speech: open clock
2026-08-19 19:40:28,327 | ERROR | app_launcher | Windows Search fallback failed
Traceback (most recent call last):
  File "C:\Users\DELL\OneDrive\Desktop\offline_voice_assistant\app_launcher.py", line 259, in _windows_search
    pyautogui.press("win")
  File "C:\Users\DELL\OneDrive\Desktop\offline_voice_assistant\.venv\lib\site-packages\pyautogui\__init__.py", line 593, in wrapper
    failSafeCheck()
  File "C:\Users\DELL\OneDrive\Desktop\offline_voice_assistant\.venv\lib\site-packages\pyautogui\__init__.py", line 1734, in failSafeCheck
    raise FailSafeException(
pyautogui.FailSafeException: PyAutoGUI fail-safe triggered from mouse moving to a corner of the screen. To disable this fail-safe, set pyautogui.FAILSAFE to False. DISABLING FAIL-SAFE IS NOT RECOMMENDED.
2026-08-19 19:40:28,328 | INFO | safety | Open application 'clock': Unable to find clock on this PC.
2026-08-19 19:40:28,333 | INFO | whisper | Microphone capture paused.
2026-08-19 19:40:28,333 | INFO | tts | Speaking: Unable to find clock on this PC.
2026-08-19 19:40:31,692 | INFO | whisper | Microphone capture resumed.
2026-08-19 19:40:36,016 | INFO | faster_whisper | Processing audio with duration 00:02.240
2026-08-19 19:40:36,023 | INFO | faster_whisper | VAD filter removed 00:00.016 of audio
2026-08-19 19:40:37,728 | INFO | assistant | Recognized speech: and you will have to find clock on this piece.
2026-08-19 19:40:37,728 | INFO | whisper | Microphone capture paused.
2026-08-19 19:40:37,728 | INFO | tts | Speaking: Sorry, I didn't understand that command.
2026-08-19 19:40:41,345 | INFO | whisper | Microphone capture resumed.
2026-08-19 19:40:45,783 | INFO | faster_whisper | Processing audio with duration 00:02.400
2026-08-19 19:40:45,806 | INFO | faster_whisper | VAD filter removed 00:00.000 of audio
2026-08-19 19:40:47,261 | INFO | assistant | Recognized speech: unable to find work on this pc.
2026-08-19 19:40:47,262 | INFO | whisper | Microphone capture paused.
2026-08-19 19:40:47,263 | INFO | tts | Speaking: Sorry, I didn't understand that command.
2026-08-19 19:40:50,863 | INFO | whisper | Microphone capture resumed.
2026-08-19 19:40:59,534 | INFO | faster_whisper | Processing audio with duration 00:02.400
2026-08-19 19:40:59,540 | INFO | faster_whisper | VAD filter removed 00:00.000 of audio
2026-08-19 19:41:00,910 | INFO | assistant | Recognized speech: i'm able to find web on this pc.
2026-08-19 19:41:00,911 | INFO | whisper | Microphone capture paused.
2026-08-19 19:41:00,913 | INFO | tts | Speaking: Sorry, I didn't understand that command.
2026-08-19 19:41:04,477 | INFO | whisper | Microphone capture resumed.
2026-08-19 19:41:09,338 | INFO | faster_whisper | Processing audio with duration 00:01.840
2026-08-19 19:41:09,345 | INFO | faster_whisper | VAD filter removed 00:00.048 of audio
2026-08-19 19:41:10,999 | INFO | assistant | Recognized speech: i'm able to find page 1
2026-08-19 19:41:11,002 | INFO | whisper | Microphone capture paused.
2026-08-19 19:41:11,002 | INFO | tts | Speaking: Sorry, I didn't understand that command.
2026-08-19 19:41:14,626 | INFO | whisper | Microphone capture resumed.
2026-08-19 19:41:21,404 | INFO | faster_whisper | Processing audio with duration 00:02.240
2026-08-19 19:41:21,408 | INFO | faster_whisper | VAD filter removed 00:00.000 of audio
2026-08-19 19:41:22,751 | INFO | assistant | Recognized speech: open new folder
2026-08-19 19:41:22,816 | ERROR | app_launcher | Windows Search fallback failed
Traceback (most recent call last):
  File "C:\Users\DELL\OneDrive\Desktop\offline_voice_assistant\app_launcher.py", line 259, in _windows_search
    pyautogui.press("win")
  File "C:\Users\DELL\OneDrive\Desktop\offline_voice_assistant\.venv\lib\site-packages\pyautogui\__init__.py", line 593, in wrapper
    failSafeCheck()
  File "C:\Users\DELL\OneDrive\Desktop\offline_voice_assistant\.venv\lib\site-packages\pyautogui\__init__.py", line 1734, in failSafeCheck
    raise FailSafeException(
pyautogui.FailSafeException: PyAutoGUI fail-safe triggered from mouse moving to a corner of the screen. To disable this fail-safe, set pyautogui.FAILSAFE to False. DISABLING FAIL-SAFE IS NOT RECOMMENDED.
2026-08-19 19:41:22,817 | INFO | safety | Open application 'new folder': Unable to find new folder on this PC.
2026-08-19 19:41:22,820 | INFO | whisper | Microphone capture paused.
2026-08-19 19:41:22,820 | INFO | tts | Speaking: Unable to find new folder on this PC.
2026-08-19 19:41:26,537 | INFO | whisper | Microphone capture resumed.
2026-08-19 19:41:31,406 | INFO | faster_whisper | Processing audio with duration 00:01.040
2026-08-19 19:41:31,410 | INFO | faster_whisper | VAD filter removed 00:00.000 of audio
2026-08-19 19:41:32,703 | INFO | assistant | Recognized speech: exit.
2026-08-19 19:41:32,712 | INFO | whisper | Microphone capture paused.
2026-08-19 19:41:32,712 | INFO | tts | Speaking: Sorry, I didn't understand that command.
2026-08-19 19:41:36,275 | INFO | whisper | Microphone capture resumed.
2026-08-19 19:41:37,882 | INFO | faster_whisper | Processing audio with duration 00:01.600
2026-08-19 19:41:37,887 | INFO | faster_whisper | VAD filter removed 00:00.000 of audio
2026-08-19 19:41:39,217 | INFO | assistant | Recognized speech: stand up a month.
2026-08-19 19:41:39,217 | INFO | whisper | Microphone capture paused.
2026-08-19 19:41:39,218 | INFO | tts | Speaking: Sorry, I didn't understand that command.
2026-08-19 19:41:42,780 | INFO | whisper | Microphone capture resumed.
2026-08-19 19:41:43,953 | INFO | faster_whisper | Processing audio with duration 00:01.200
2026-08-19 19:41:43,978 | INFO | faster_whisper | VAD filter removed 00:00.000 of audio
2026-08-19 19:41:45,372 | INFO | assistant | Recognized speech: dang.
2026-08-19 19:41:45,399 | INFO | whisper | Microphone capture paused.
2026-08-19 19:41:45,399 | INFO | tts | Speaking: Sorry, I didn't understand that command.
2026-08-19 19:41:49,040 | INFO | whisper | Microphone capture resumed.
2026-08-19 19:41:52,055 | INFO | whisper | Whisper microphone closed.
2026-08-19 19:41:52,058 | INFO | whisper | Whisper microphone closed.
2026-08-19 19:41:52,085 | INFO | assistant | Assistant stopped.
2026-08-19 23:28:31,691 | INFO | comtypes.client._code_cache | Imported existing <module 'comtypes.gen' from 'C:\\Users\\DELL\\OneDrive\\Desktop\\offline_voice_assistant\\.venv\\lib\\site-packages\\comtypes\\gen\\__init__.py'>
2026-08-19 23:28:31,692 | INFO | comtypes.client._code_cache | Using writeable comtypes cache directory: 'C:\Users\DELL\OneDrive\Desktop\offline_voice_assistant\.venv\lib\site-packages\comtypes\gen'
2026-08-19 23:28:31,970 | INFO | tts | Selected female voice: Microsoft Hazel Desktop - English (Great Britain)
2026-08-19 23:28:33,145 | INFO | httpx | HTTP Request: GET https://huggingface.co/api/models/Systran/faster-whisper-base.en/revision/main "HTTP/1.1 200 OK"
2026-08-19 23:28:37,007 | INFO | faster_whisper | Processing audio with duration 00:01.040
2026-08-19 23:28:37,213 | INFO | faster_whisper | VAD filter removed 00:01.040 of audio
2026-08-19 23:28:41,589 | INFO | faster_whisper | Processing audio with duration 00:01.040
2026-08-19 23:28:41,591 | INFO | faster_whisper | VAD filter removed 00:01.040 of audio
2026-08-19 23:28:49,039 | INFO | faster_whisper | Processing audio with duration 00:01.040
2026-08-19 23:28:49,041 | INFO | faster_whisper | VAD filter removed 00:01.040 of audio
2026-08-19 23:28:56,244 | INFO | faster_whisper | Processing audio with duration 00:01.840
2026-08-19 23:28:56,275 | INFO | faster_whisper | VAD filter removed 00:01.840 of audio
2026-08-19 23:28:57,350 | INFO | faster_whisper | Processing audio with duration 00:01.040
2026-08-19 23:28:57,352 | INFO | faster_whisper | VAD filter removed 00:01.040 of audio
2026-08-19 23:29:07,106 | INFO | faster_whisper | Processing audio with duration 00:01.040
2026-08-19 23:29:07,129 | INFO | faster_whisper | VAD filter removed 00:00.000 of audio
2026-08-19 23:29:08,244 | INFO | assistant | Recognized speech: thanks for all that's in there.
2026-08-19 23:29:27,099 | INFO | whisper | Microphone capture paused.
2026-08-19 23:29:27,103 | INFO | tts | Speaking: You're welcome! If you need anything else, just ask.
2026-08-19 23:29:35,379 | INFO | whisper | Microphone capture resumed.
2026-08-19 23:29:38,202 | INFO | faster_whisper | Processing audio with duration 00:01.040
2026-08-19 23:29:38,206 | INFO | faster_whisper | VAD filter removed 00:01.040 of audio
2026-08-19 23:29:41,433 | INFO | faster_whisper | Processing audio with duration 00:01.600
2026-08-19 23:29:41,436 | INFO | faster_whisper | VAD filter removed 00:01.600 of audio
2026-08-19 23:29:42,964 | INFO | faster_whisper | Processing audio with duration 00:01.040
2026-08-19 23:29:42,995 | INFO | faster_whisper | VAD filter removed 00:01.040 of audio
2026-08-19 23:29:46,329 | INFO | faster_whisper | Processing audio with duration 00:01.120
2026-08-19 23:29:46,341 | INFO | faster_whisper | VAD filter removed 00:01.120 of audio
2026-08-19 23:29:56,866 | INFO | faster_whisper | Processing audio with duration 00:01.040
2026-08-19 23:29:56,868 | INFO | faster_whisper | VAD filter removed 00:00.000 of audio
2026-08-19 23:29:58,201 | INFO | assistant | Recognized speech: about this black one.
2026-08-19 23:30:07,694 | INFO | whisper | Microphone capture paused.
2026-08-19 23:30:07,695 | INFO | tts | Speaking: Sure, go on. What about the black one?
2026-08-19 23:30:14,342 | INFO | whisper | Microphone capture resumed.
2026-08-19 23:30:15,937 | INFO | faster_whisper | Processing audio with duration 00:01.040
2026-08-19 23:30:15,942 | INFO | faster_whisper | VAD filter removed 00:01.040 of audio
2026-08-19 23:30:23,707 | INFO | faster_whisper | Processing audio with duration 00:01.040
2026-08-19 23:30:23,709 | INFO | faster_whisper | VAD filter removed 00:01.040 of audio
2026-08-19 23:30:25,994 | INFO | faster_whisper | Processing audio with duration 00:01.040
2026-08-19 23:30:25,999 | INFO | faster_whisper | VAD filter removed 00:01.040 of audio
2026-08-19 23:30:28,162 | INFO | faster_whisper | Processing audio with duration 00:01.040
2026-08-19 23:30:28,164 | INFO | faster_whisper | VAD filter removed 00:01.040 of audio
2026-08-19 23:30:29,388 | INFO | whisper | Whisper microphone closed.
2026-08-19 23:30:29,390 | INFO | whisper | Whisper microphone closed.
2026-08-19 23:30:29,396 | INFO | assistant | Assistant stopped.
2026-08-19 23:32:58,667 | INFO | comtypes.client._code_cache | Imported existing <module 'comtypes.gen' from 'C:\\Users\\DELL\\OneDrive\\Desktop\\offline_voice_assistant\\.venv\\lib\\site-packages\\comtypes\\gen\\__init__.py'>
2026-08-19 23:32:58,669 | INFO | comtypes.client._code_cache | Using writeable comtypes cache directory: 'C:\Users\DELL\OneDrive\Desktop\offline_voice_assistant\.venv\lib\site-packages\comtypes\gen'
2026-08-19 23:32:59,550 | INFO | tts | Selected female voice: Microsoft Hazel Desktop - English (Great Britain)
2026-08-19 23:33:01,574 | INFO | httpx | HTTP Request: GET https://huggingface.co/api/models/Systran/faster-whisper-base.en/revision/main "HTTP/1.1 200 OK"
2026-08-19 23:33:10,192 | INFO | faster_whisper | Processing audio with duration 00:02.880
2026-08-19 23:33:13,166 | WARNING | whisper | Audio status: input overflow
2026-08-19 23:33:14,782 | WARNING | whisper | Audio status: input overflow
2026-08-19 23:33:14,869 | WARNING | whisper | Audio status: input overflow
2026-08-19 23:33:14,975 | INFO | faster_whisper | VAD filter removed 00:02.880 of audio
2026-08-19 23:33:15,842 | WARNING | whisper | Audio status: input overflow
2026-08-19 23:33:17,348 | INFO | faster_whisper | Processing audio with duration 00:04.480
2026-08-19 23:33:17,356 | INFO | faster_whisper | VAD filter removed 00:03.088 of audio
2026-08-19 23:33:21,105 | INFO | assistant | Recognized speech: oh, peck-a-crom.
2026-08-19 23:34:09,921 | INFO | whisper | Microphone capture paused.
2026-08-19 23:34:09,926 | INFO | tts | Speaking: Hello! How can I assist you today?
2026-08-19 23:34:16,477 | INFO | whisper | Microphone capture resumed.
2026-08-19 23:34:20,028 | INFO | faster_whisper | Processing audio with duration 00:02.880
2026-08-19 23:34:20,045 | INFO | faster_whisper | VAD filter removed 00:01.680 of audio
2026-08-19 23:34:23,852 | INFO | faster_whisper | Processing audio with duration 00:02.160
2026-08-19 23:34:23,857 | INFO | faster_whisper | VAD filter removed 00:02.160 of audio
2026-08-19 23:34:26,631 | INFO | faster_whisper | Processing audio with duration 00:02.240
2026-08-19 23:34:26,641 | INFO | faster_whisper | VAD filter removed 00:02.240 of audio
2026-08-19 23:34:28,755 | INFO | faster_whisper | Processing audio with duration 00:01.040
2026-08-19 23:34:28,759 | INFO | faster_whisper | VAD filter removed 00:01.040 of audio
2026-08-19 23:34:35,391 | INFO | faster_whisper | Processing audio with duration 00:05.520
2026-08-19 23:34:35,399 | INFO | faster_whisper | VAD filter removed 00:05.520 of audio
2026-08-19 23:34:37,672 | INFO | whisper | Whisper microphone closed.
2026-08-19 23:34:37,680 | INFO | whisper | Whisper microphone closed.
2026-08-19 23:34:37,683 | INFO | assistant | Assistant stopped.
2026-08-19 23:39:58,343 | INFO | comtypes.client._code_cache | Imported existing <module 'comtypes.gen' from 'C:\\Users\\DELL\\OneDrive\\Desktop\\offline_voice_assistant\\.venv\\lib\\site-packages\\comtypes\\gen\\__init__.py'>
2026-08-19 23:39:58,344 | INFO | comtypes.client._code_cache | Using writeable comtypes cache directory: 'C:\Users\DELL\OneDrive\Desktop\offline_voice_assistant\.venv\lib\site-packages\comtypes\gen'
2026-08-19 23:39:58,540 | INFO | tts | Selected female voice: Microsoft Hazel Desktop - English (Great Britain)
2026-08-19 23:39:59,643 | INFO | httpx | HTTP Request: GET https://huggingface.co/api/models/Systran/faster-whisper-base.en/revision/main "HTTP/1.1 200 OK"
2026-08-19 23:42:04,744 | INFO | faster_whisper | Processing audio with duration 00:01.040
2026-08-19 23:42:04,971 | INFO | faster_whisper | VAD filter removed 00:01.040 of audio
2026-08-19 23:46:27,040 | INFO | whisper | Whisper microphone closed.
2026-08-19 23:46:27,064 | INFO | whisper | Whisper microphone closed.
2026-08-19 23:46:27,090 | INFO | assistant | Assistant stopped.
2026-08-19 23:46:49,720 | INFO | comtypes.client._code_cache | Imported existing <module 'comtypes.gen' from 'C:\\Users\\DELL\\OneDrive\\Desktop\\offline_voice_assistant\\.venv\\lib\\site-packages\\comtypes\\gen\\__init__.py'>
2026-08-19 23:46:49,721 | INFO | comtypes.client._code_cache | Using writeable comtypes cache directory: 'C:\Users\DELL\OneDrive\Desktop\offline_voice_assistant\.venv\lib\site-packages\comtypes\gen'
2026-08-19 23:46:49,952 | INFO | tts | Selected female voice: Microsoft Hazel Desktop - English (Great Britain)
2026-08-19 23:46:50,877 | INFO | httpx | HTTP Request: GET https://huggingface.co/api/models/Systran/faster-whisper-base.en/revision/main "HTTP/1.1 200 OK"
2026-08-19 23:46:54,370 | INFO | faster_whisper | Processing audio with duration 00:01.200
2026-08-19 23:46:54,556 | INFO | faster_whisper | VAD filter removed 00:01.200 of audio
2026-08-19 23:46:55,356 | INFO | faster_whisper | Processing audio with duration 00:01.040
2026-08-19 23:46:55,358 | INFO | faster_whisper | VAD filter removed 00:01.040 of audio
2026-08-19 23:46:56,251 | INFO | faster_whisper | Processing audio with duration 00:00.880
2026-08-19 23:46:56,252 | INFO | faster_whisper | VAD filter removed 00:00.880 of audio
2026-08-19 23:46:57,129 | INFO | faster_whisper | Processing audio with duration 00:00.880
2026-08-19 23:46:57,130 | INFO | faster_whisper | VAD filter removed 00:00.880 of audio
2026-08-19 23:46:59,451 | INFO | faster_whisper | Processing audio with duration 00:01.040
2026-08-19 23:46:59,453 | INFO | faster_whisper | VAD filter removed 00:01.040 of audio
2026-08-19 23:47:01,047 | INFO | faster_whisper | Processing audio with duration 00:01.520
2026-08-19 23:47:01,050 | INFO | faster_whisper | VAD filter removed 00:01.520 of audio
2026-08-19 23:47:04,960 | INFO | faster_whisper | Processing audio with duration 00:03.280
2026-08-19 23:47:04,965 | INFO | faster_whisper | VAD filter removed 00:03.280 of audio
2026-08-19 23:47:08,712 | INFO | faster_whisper | Processing audio with duration 00:01.120
2026-08-19 23:47:08,715 | INFO | faster_whisper | VAD filter removed 00:01.120 of audio
2026-08-19 23:47:11,074 | INFO | faster_whisper | Processing audio with duration 00:01.200
2026-08-19 23:47:11,080 | INFO | faster_whisper | VAD filter removed 00:01.200 of audio
2026-08-19 23:47:12,730 | INFO | faster_whisper | Processing audio with duration 00:01.040
2026-08-19 23:47:12,735 | INFO | faster_whisper | VAD filter removed 00:01.040 of audio
2026-08-19 23:47:17,660 | INFO | faster_whisper | Processing audio with duration 00:04.400
2026-08-19 23:47:17,671 | INFO | faster_whisper | VAD filter removed 00:01.648 of audio
2026-08-19 23:47:18,796 | INFO | assistant | Recognized speech: and explain like old.
2026-08-19 23:47:39,356 | INFO | whisper | Microphone capture paused.
2026-08-19 23:47:39,356 | INFO | tts | Speaking: Sure, let me explain things in a simpler way, like how your grandma might.
2026-08-19 23:47:47,681 | INFO | whisper | Microphone capture resumed.
2026-08-19 23:47:49,168 | INFO | faster_whisper | Processing audio with duration 00:01.440
2026-08-19 23:47:49,170 | INFO | faster_whisper | VAD filter removed 00:01.440 of audio
2026-08-19 23:47:51,069 | INFO | faster_whisper | Processing audio with duration 00:01.920
2026-08-19 23:47:51,072 | INFO | faster_whisper | VAD filter removed 00:01.920 of audio
2026-08-19 23:47:55,402 | INFO | faster_whisper | Processing audio with duration 00:04.160
2026-08-19 23:47:55,409 | INFO | faster_whisper | VAD filter removed 00:04.160 of audio
2026-08-19 23:47:56,851 | INFO | faster_whisper | Processing audio with duration 00:01.440
2026-08-19 23:47:56,854 | INFO | faster_whisper | VAD filter removed 00:01.440 of audio
2026-08-19 23:47:57,960 | INFO | faster_whisper | Processing audio with duration 00:01.040
2026-08-19 23:47:57,962 | INFO | faster_whisper | VAD filter removed 00:01.040 of audio
2026-08-19 23:47:59,879 | INFO | faster_whisper | Processing audio with duration 00:01.520
2026-08-19 23:47:59,882 | INFO | faster_whisper | VAD filter removed 00:01.520 of audio
2026-08-19 23:48:02,676 | INFO | faster_whisper | Processing audio with duration 00:02.800
2026-08-19 23:48:02,680 | INFO | faster_whisper | VAD filter removed 00:02.800 of audio
2026-08-19 23:48:06,993 | INFO | faster_whisper | Processing audio with duration 00:03.520
2026-08-19 23:48:06,999 | INFO | faster_whisper | VAD filter removed 00:03.520 of audio
2026-08-19 23:48:11,979 | INFO | faster_whisper | Processing audio with duration 00:02.320
2026-08-19 23:48:11,988 | INFO | faster_whisper | VAD filter removed 00:00.176 of audio
2026-08-19 23:48:13,230 | INFO | assistant | Recognized speech: that won't connect.
2026-08-19 23:48:31,403 | WARNING | whisper | Audio status: input overflow
2026-08-19 23:48:36,138 | INFO | whisper | Microphone capture paused.
2026-08-19 23:48:36,138 | INFO | tts | Speaking: I see. It looks like there might be an issue connecting. Could you try restarting the device or connecting to a different network? If that doesn't work, let me know and I can try helping further.
2026-08-19 23:48:50,973 | INFO | whisper | Microphone capture resumed.
2026-08-20 18:01:12,050 | INFO | comtypes.client._code_cache | Imported existing <module 'comtypes.gen' from 'C:\\Users\\DELL\\OneDrive\\Desktop\\offline_voice_assistant\\.venv\\lib\\site-packages\\comtypes\\gen\\__init__.py'>
2026-08-20 18:01:12,051 | INFO | comtypes.client._code_cache | Using writeable comtypes cache directory: 'C:\Users\DELL\OneDrive\Desktop\offline_voice_assistant\.venv\lib\site-packages\comtypes\gen'
2026-08-20 18:01:12,360 | INFO | tts | Selected female voice: Microsoft Hazel Desktop - English (Great Britain)
2026-08-20 18:01:13,506 | INFO | httpx | HTTP Request: GET https://huggingface.co/api/models/Systran/faster-whisper-base.en/revision/main "HTTP/1.1 200 OK"
2026-08-20 18:01:20,088 | INFO | faster_whisper | Processing audio with duration 00:01.600
2026-08-20 18:01:20,285 | INFO | faster_whisper | VAD filter removed 00:00.000 of audio
2026-08-20 18:01:21,380 | INFO | assistant | Recognized speech: depending on which part of the phone.
2026-08-20 18:01:51,434 | INFO | whisper | Microphone capture paused.
2026-08-20 18:01:51,442 | INFO | tts | Speaking: It depends on which part of the phone you're referring to—screen, battery, speakers, or something else?
2026-08-20 18:02:02,291 | INFO | whisper | Microphone capture resumed.
2026-08-20 18:02:11,729 | WARNING | whisper | Audio status: input overflow
2026-08-20 18:02:11,730 | INFO | faster_whisper | Processing audio with duration 00:01.040
2026-08-20 18:02:11,758 | INFO | faster_whisper | VAD filter removed 00:00.000 of audio
2026-08-20 18:02:11,801 | WARNING | whisper | Audio status: input overflow
2026-08-20 18:02:13,451 | INFO | assistant | Recognized speech: somebody wants somebody.
2026-08-20 18:02:20,752 | INFO | whisper | Microphone capture paused.
2026-08-20 18:02:20,752 | INFO | tts | Speaking: Someone wants someone.
2026-08-20 18:02:24,044 | INFO | whisper | Microphone capture resumed.
2026-08-20 18:02:39,710 | INFO | faster_whisper | Processing audio with duration 00:01.440
2026-08-20 18:02:39,717 | INFO | faster_whisper | VAD filter removed 00:00.000 of audio
2026-08-20 18:02:41,287 | INFO | assistant | Recognized speech: it sounds like you are in for s-
2026-08-20 18:02:47,139 | INFO | whisper | Microphone capture paused.
2026-08-20 18:02:47,139 | INFO | tts | Speaking: it sounds like you are in for some troubleshooting.
2026-08-20 18:02:51,354 | INFO | whisper | Microphone capture resumed.
2026-08-20 18:02:52,156 | WARNING | whisper | Audio status: input overflow
2026-08-20 18:02:52,249 | INFO | faster_whisper | Processing audio with duration 00:00.880
2026-08-20 18:02:52,252 | INFO | faster_whisper | VAD filter removed 00:00.080 of audio
2026-08-20 18:02:53,353 | INFO | assistant | Recognized speech: this is the...
2026-08-20 18:02:56,697 | INFO | whisper | Microphone capture paused.
2026-08-20 18:02:56,699 | INFO | tts | Speaking: This is the...
2026-08-20 18:02:58,886 | INFO | whisper | Microphone capture resumed.
2026-08-20 18:19:03,839 | INFO | comtypes.client._code_cache | Imported existing <module 'comtypes.gen' from 'C:\\Users\\DELL\\OneDrive\\Desktop\\offline_voice_assistant\\.venv\\lib\\site-packages\\comtypes\\gen\\__init__.py'>
2026-08-20 18:19:03,840 | INFO | comtypes.client._code_cache | Using writeable comtypes cache directory: 'C:\Users\DELL\OneDrive\Desktop\offline_voice_assistant\.venv\lib\site-packages\comtypes\gen'
2026-08-20 18:19:04,054 | INFO | tts | Selected female voice: Microsoft Hazel Desktop - English (Great Britain)
2026-08-20 18:19:05,074 | INFO | httpx | HTTP Request: GET https://huggingface.co/api/models/Systran/faster-whisper-base.en/revision/main "HTTP/1.1 200 OK"
2026-08-20 18:19:20,823 | INFO | faster_whisper | Processing audio with duration 00:01.040
2026-08-20 18:19:20,990 | INFO | faster_whisper | VAD filter removed 00:01.040 of audio
2026-08-20 18:19:26,028 | INFO | faster_whisper | Processing audio with duration 00:01.680
2026-08-20 18:19:26,031 | INFO | faster_whisper | VAD filter removed 00:00.000 of audio
2026-08-20 18:19:26,979 | INFO | assistant | Recognized speech: open chrome
2026-08-20 18:19:27,056 | INFO | safety | Open application 'chrome': Opening Chrome.
2026-08-20 18:19:27,056 | INFO | whisper | Microphone capture paused.
2026-08-20 18:19:27,056 | INFO | tts | Speaking: Opening Chrome.
2026-08-20 18:19:31,984 | INFO | whisper | Microphone capture resumed.
2026-08-20 18:19:34,213 | INFO | faster_whisper | Processing audio with duration 00:02.240
2026-08-20 18:19:34,217 | INFO | faster_whisper | VAD filter removed 00:00.000 of audio
2026-08-20 18:19:35,084 | INFO | assistant | Recognized speech: mike's plain black bone.
2026-08-20 18:19:42,587 | INFO | whisper | Microphone capture paused.
2026-08-20 18:19:42,588 | INFO | tts | Speaking: It sounds like you're describing something Mike has - a plain black bone. Is there more you need help with?
2026-08-20 18:19:50,921 | INFO | whisper | Microphone capture resumed.
2026-08-20 18:19:58,999 | INFO | faster_whisper | Processing audio with duration 00:02.800
2026-08-20 18:19:59,004 | INFO | faster_whisper | VAD filter removed 00:00.000 of audio
2026-08-20 18:19:59,788 | INFO | assistant | Recognized speech: who discovered instagram.
2026-08-20 18:20:05,307 | INFO | whisper | Microphone capture paused.
2026-08-20 18:20:05,307 | INFO | tts | Speaking: Instagram was founded by Kevin Systrom and Mike Krieger in 2010.
2026-08-20 18:20:11,500 | INFO | whisper | Microphone capture resumed.
2026-08-20 18:20:14,786 | INFO | faster_whisper | Processing audio with duration 00:01.840
2026-08-20 18:20:14,789 | INFO | faster_whisper | VAD filter removed 00:00.000 of audio
2026-08-20 18:20:15,672 | INFO | assistant | Recognized speech: so, we're going to go ahead and go over there.
2026-08-20 18:20:20,898 | INFO | whisper | Microphone capture paused.
2026-08-20 18:20:20,898 | INFO | tts | Speaking: Okay, let's go over there. What would you like to do or discuss?
2026-08-20 18:20:26,464 | INFO | whisper | Microphone capture resumed.
2026-08-20 18:20:29,536 | INFO | faster_whisper | Processing audio with duration 00:01.040
2026-08-20 18:20:29,538 | INFO | faster_whisper | VAD filter removed 00:00.000 of audio
2026-08-20 18:20:30,359 | INFO | assistant | Recognized speech: thank you for that guy.
2026-08-20 18:20:34,976 | INFO | whisper | Microphone capture paused.
2026-08-20 18:20:34,976 | INFO | tts | Speaking: You're welcome! Is there anything specific you need help with now?
2026-08-20 18:20:40,432 | INFO | whisper | Microphone capture resumed.
2026-08-20 18:20:44,784 | INFO | faster_whisper | Processing audio with duration 00:02.480
2026-08-20 18:20:44,788 | INFO | faster_whisper | VAD filter removed 00:00.000 of audio
2026-08-20 18:20:45,583 | INFO | assistant | Recognized speech: explain sexual intercourse.
2026-08-20 18:20:57,853 | INFO | whisper | Microphone capture paused.
2026-08-20 18:20:57,853 | INFO | tts | Speaking: Sexual intercourse, also known as vaginal intercourse, involves the insertion of a man's erect penis into a woman's vagina for sexual activity and reproduction. It typically requires mutual agreement and often leads to orgasm for both partners. There are several types, including missionary, doggy style, and others. Safe sex practices are important, and always discuss with a healthcare provider.
2026-08-20 18:21:26,143 | INFO | whisper | Microphone capture resumed.
2026-08-20 18:21:27,355 | INFO | faster_whisper | Processing audio with duration 00:01.040
2026-08-20 18:21:27,357 | INFO | faster_whisper | VAD filter removed 00:00.000 of audio
2026-08-20 18:21:28,172 | INFO | assistant | Recognized speech: is there more time?
2026-08-20 18:21:33,570 | INFO | whisper | Microphone capture paused.
2026-08-20 18:21:33,571 | INFO | tts | Speaking: I'm here whenever you are. Do you have more questions or need help with something specific?
2026-08-20 18:21:40,581 | INFO | whisper | Microphone capture resumed.
2026-08-20 18:21:43,572 | INFO | faster_whisper | Processing audio with duration 00:02.080
2026-08-20 18:21:43,575 | INFO | faster_whisper | VAD filter removed 00:00.000 of audio
2026-08-20 18:21:44,366 | INFO | assistant | Recognized speech: how to have sex?
2026-08-20 18:21:56,419 | INFO | whisper | Microphone capture paused.
2026-08-20 18:21:56,419 | INFO | tts | Speaking: Sexual activity involves multiple steps and can be a private and personal choice. It typically includes mutual agreement, communication, and sometimes the use of protection for health reasons. If you're looking for information on safe, healthy, and consensual sexual activities, I'd be happy to provide guidance on those aspects. Let me know how you'd like to proceed.
2026-08-20 18:22:23,112 | INFO | whisper | Microphone capture resumed.
2026-08-20 18:22:24,244 | INFO | faster_whisper | Processing audio with duration 00:01.120
2026-08-20 18:22:24,247 | INFO | faster_whisper | VAD filter removed 00:00.000 of audio
2026-08-20 18:22:26,266 | INFO | assistant | Recognized speech: okay. okay. okay. okay. okay. okay. okay. okay. okay. okay. okay. okay. okay. okay. okay. okay. okay. okay. okay. okay. okay. okay. okay. okay.
2026-08-20 18:22:42,265 | INFO | whisper | Microphone capture paused.
2026-08-20 18:22:42,265 | INFO | tts | Speaking: I understand you need some time to process or relax. Is there a specific topic you'd like to discuss or a question you have? I'm here whenever you're ready.
2026-08-20 18:22:53,600 | INFO | whisper | Microphone capture resumed.
2026-08-20 18:22:57,354 | INFO | faster_whisper | Processing audio with duration 00:02.640
2026-08-20 18:22:57,358 | INFO | faster_whisper | VAD filter removed 00:00.000 of audio
2026-08-20 18:22:58,291 | INFO | assistant | Recognized speech: and i hope that continues to feel real as if possible.
2026-08-20 18:23:14,018 | INFO | whisper | Microphone capture paused.
2026-08-20 18:23:14,018 | INFO | tts | Speaking: Sure, if you have more questions or need help with something specific, feel free to ask. How about discussing a different topic for a moment?
2026-08-20 18:23:24,540 | INFO | whisper | Microphone capture resumed.
2026-08-20 18:23:36,905 | INFO | faster_whisper | Processing audio with duration 00:01.040
2026-08-20 18:23:36,910 | INFO | faster_whisper | VAD filter removed 00:00.000 of audio
2026-08-20 18:23:38,292 | INFO | assistant | Recognized speech: we'll see you in the next one.
2026-08-20 18:23:51,664 | WARNING | whisper | Audio status: input overflow
2026-08-20 18:23:55,393 | INFO | whisper | Microphone capture paused.
2026-08-20 18:23:55,393 | INFO | tts | Speaking: Sure thing! I'll be here when you are. Let me know if you need anything.
2026-08-20 18:24:02,004 | INFO | whisper | Microphone capture resumed.
2026-08-21 07:50:08,420 | INFO | comtypes.client._code_cache | Imported existing <module 'comtypes.gen' from 'C:\\Users\\DELL\\OneDrive\\Desktop\\offline_voice_assistant\\.venv\\lib\\site-packages\\comtypes\\gen\\__init__.py'>
2026-08-21 07:50:08,421 | INFO | comtypes.client._code_cache | Using writeable comtypes cache directory: 'C:\Users\DELL\OneDrive\Desktop\offline_voice_assistant\.venv\lib\site-packages\comtypes\gen'
2026-08-21 07:50:08,937 | INFO | tts | Selected female voice: Microsoft Hazel Desktop - English (Great Britain)
2026-08-21 07:50:10,499 | INFO | httpx | HTTP Request: GET https://huggingface.co/api/models/Systran/faster-whisper-base.en/revision/main "HTTP/1.1 200 OK"
2026-08-21 07:50:15,458 | INFO | faster_whisper | Processing audio with duration 00:01.040
2026-08-21 07:50:15,744 | INFO | faster_whisper | VAD filter removed 00:01.040 of audio
2026-08-21 07:50:17,909 | INFO | faster_whisper | Processing audio with duration 00:02.560
2026-08-21 07:50:17,917 | INFO | faster_whisper | VAD filter removed 00:02.560 of audio
2026-08-21 07:50:19,683 | INFO | faster_whisper | Processing audio with duration 00:01.440
2026-08-21 07:50:19,690 | INFO | faster_whisper | VAD filter removed 00:01.440 of audio
2026-08-21 07:50:20,542 | INFO | faster_whisper | Processing audio with duration 00:00.800
2026-08-21 07:50:20,547 | INFO | faster_whisper | VAD filter removed 00:00.800 of audio
2026-08-21 07:50:21,587 | INFO | faster_whisper | Processing audio with duration 00:01.120
2026-08-21 07:50:21,594 | INFO | faster_whisper | VAD filter removed 00:01.120 of audio
2026-08-21 07:50:25,342 | INFO | faster_whisper | Processing audio with duration 00:01.360
2026-08-21 07:50:25,347 | INFO | faster_whisper | VAD filter removed 00:01.360 of audio
2026-08-21 07:50:35,895 | INFO | faster_whisper | Processing audio with duration 00:01.040
2026-08-21 07:50:35,898 | INFO | faster_whisper | VAD filter removed 00:01.040 of audio
2026-08-21 07:50:41,033 | INFO | faster_whisper | Processing audio with duration 00:01.040
2026-08-21 07:50:41,037 | INFO | faster_whisper | VAD filter removed 00:01.040 of audio
2026-08-21 07:50:44,557 | INFO | faster_whisper | Processing audio with duration 00:01.040
2026-08-21 07:50:44,570 | INFO | faster_whisper | VAD filter removed 00:01.040 of audio
2026-08-21 07:50:45,391 | INFO | faster_whisper | Processing audio with duration 00:00.960
2026-08-21 07:50:45,471 | INFO | faster_whisper | VAD filter removed 00:00.960 of audio
2026-08-21 07:50:57,185 | INFO | faster_whisper | Processing audio with duration 00:01.040
2026-08-21 07:50:57,189 | INFO | faster_whisper | VAD filter removed 00:01.040 of audio
2026-08-21 07:51:00,175 | INFO | faster_whisper | Processing audio with duration 00:01.040
2026-08-21 07:51:00,179 | INFO | faster_whisper | VAD filter removed 00:01.040 of audio
2026-08-21 07:51:03,806 | INFO | faster_whisper | Processing audio with duration 00:02.400
2026-08-21 07:51:03,853 | INFO | faster_whisper | VAD filter removed 00:02.400 of audio
2026-08-21 07:51:07,540 | INFO | faster_whisper | Processing audio with duration 00:01.040
2026-08-21 07:51:07,545 | INFO | faster_whisper | VAD filter removed 00:01.040 of audio
2026-08-21 07:51:18,577 | INFO | faster_whisper | Processing audio with duration 00:01.440
2026-08-21 07:51:18,581 | INFO | faster_whisper | VAD filter removed 00:01.440 of audio
2026-08-21 07:51:26,718 | INFO | faster_whisper | Processing audio with duration 00:01.040
2026-08-21 07:51:26,721 | INFO | faster_whisper | VAD filter removed 00:01.040 of audio
2026-08-21 07:51:28,646 | INFO | faster_whisper | Processing audio with duration 00:01.040
2026-08-21 07:51:28,649 | INFO | faster_whisper | VAD filter removed 00:01.040 of audio
2026-08-21 07:51:47,094 | INFO | faster_whisper | Processing audio with duration 00:02.240
2026-08-21 07:51:47,104 | INFO | faster_whisper | VAD filter removed 00:02.240 of audio
2026-08-21 07:51:54,378 | INFO | faster_whisper | Processing audio with duration 00:01.040
2026-08-21 07:51:54,414 | INFO | faster_whisper | VAD filter removed 00:01.040 of audio
2026-08-21 07:51:56,160 | INFO | faster_whisper | Processing audio with duration 00:01.200
2026-08-21 07:51:56,164 | INFO | faster_whisper | VAD filter removed 00:01.200 of audio
2026-08-21 07:52:04,505 | INFO | faster_whisper | Processing audio with duration 00:08.320
2026-08-21 07:52:04,524 | INFO | faster_whisper | VAD filter removed 00:08.320 of audio
2026-08-21 07:52:12,654 | INFO | faster_whisper | Processing audio with duration 00:08.160
2026-08-21 07:52:12,680 | INFO | faster_whisper | VAD filter removed 00:08.160 of audio
2026-08-21 07:52:15,591 | INFO | faster_whisper | Processing audio with duration 00:02.960
2026-08-21 07:52:15,603 | INFO | faster_whisper | VAD filter removed 00:02.960 of audio
2026-08-21 07:52:17,902 | INFO | faster_whisper | Processing audio with duration 00:02.240
2026-08-21 07:52:17,909 | INFO | faster_whisper | VAD filter removed 00:02.240 of audio
2026-08-21 07:52:21,525 | INFO | faster_whisper | Processing audio with duration 00:02.640
2026-08-21 07:52:21,534 | INFO | faster_whisper | VAD filter removed 00:01.744 of audio
2026-08-21 07:52:25,246 | INFO | assistant | Recognized speech: okay. okay. okay. okay. okay. okay. okay. okay. okay. okay. okay. okay. okay. okay. okay. okay. okay. okay. okay. okay. okay. okay. okay. okay. okay. okay. okay. okay.
2026-08-21 07:52:29,322 | ERROR | assistant | AI response failed
Traceback (most recent call last):
  File "C:\Users\DELL\AppData\Local\Programs\Python\Python39\lib\urllib\request.py", line 1346, in do_open
    h.request(req.get_method(), req.selector, req.data, headers,
  File "C:\Users\DELL\AppData\Local\Programs\Python\Python39\lib\http\client.py", line 1285, in request
    self._send_request(method, url, body, headers, encode_chunked)
  File "C:\Users\DELL\AppData\Local\Programs\Python\Python39\lib\http\client.py", line 1331, in _send_request
    self.endheaders(body, encode_chunked=encode_chunked)
  File "C:\Users\DELL\AppData\Local\Programs\Python\Python39\lib\http\client.py", line 1280, in endheaders
    self._send_output(message_body, encode_chunked=encode_chunked)
  File "C:\Users\DELL\AppData\Local\Programs\Python\Python39\lib\http\client.py", line 1040, in _send_output
    self.send(msg)
  File "C:\Users\DELL\AppData\Local\Programs\Python\Python39\lib\http\client.py", line 980, in send
    self.connect()
  File "C:\Users\DELL\AppData\Local\Programs\Python\Python39\lib\http\client.py", line 946, in connect
    self.sock = self._create_connection(
  File "C:\Users\DELL\AppData\Local\Programs\Python\Python39\lib\socket.py", line 844, in create_connection
    raise err
  File "C:\Users\DELL\AppData\Local\Programs\Python\Python39\lib\socket.py", line 832, in create_connection
    sock.connect(sa)
ConnectionRefusedError: [WinError 10061] No connection could be made because the target machine actively refused it

During handling of the above exception, another exception occurred:

Traceback (most recent call last):
  File "C:\Users\DELL\OneDrive\Desktop\offline_voice_assistant\ai_brain.py", line 69, in ask
    with urllib.request.urlopen(request, timeout=120) as response:
  File "C:\Users\DELL\AppData\Local\Programs\Python\Python39\lib\urllib\request.py", line 214, in urlopen
    return opener.open(url, data, timeout)
  File "C:\Users\DELL\AppData\Local\Programs\Python\Python39\lib\urllib\request.py", line 517, in open
    response = self._open(req, data)
  File "C:\Users\DELL\AppData\Local\Programs\Python\Python39\lib\urllib\request.py", line 534, in _open
    result = self._call_chain(self.handle_open, protocol, protocol +
  File "C:\Users\DELL\AppData\Local\Programs\Python\Python39\lib\urllib\request.py", line 494, in _call_chain
    result = func(*args)
  File "C:\Users\DELL\AppData\Local\Programs\Python\Python39\lib\urllib\request.py", line 1375, in http_open
    return self.do_open(http.client.HTTPConnection, req)
  File "C:\Users\DELL\AppData\Local\Programs\Python\Python39\lib\urllib\request.py", line 1349, in do_open
    raise URLError(err)
urllib.error.URLError: <urlopen error [WinError 10061] No connection could be made because the target machine actively refused it>

The above exception was the direct cause of the following exception:

Traceback (most recent call last):
  File "C:\Users\DELL\OneDrive\Desktop\offline_voice_assistant\main.py", line 260, in main
    answer = ai_brain.ask(text)
  File "C:\Users\DELL\OneDrive\Desktop\offline_voice_assistant\ai_brain.py", line 73, in ask
    raise RuntimeError(
RuntimeError: Could not connect to Ollama. Make sure Ollama is running.
2026-08-21 07:52:29,752 | INFO | whisper | Microphone capture paused.
2026-08-21 07:52:29,753 | INFO | tts | Speaking: I couldn't connect to my local AI.
2026-08-21 07:52:34,063 | INFO | whisper | Microphone capture resumed.
2026-08-21 07:52:37,411 | INFO | faster_whisper | Processing audio with duration 00:01.120
2026-08-21 07:52:37,414 | INFO | faster_whisper | VAD filter removed 00:01.120 of audio
2026-08-21 07:52:42,666 | INFO | faster_whisper | Processing audio with duration 00:02.080
2026-08-21 07:52:42,673 | INFO | faster_whisper | VAD filter removed 00:02.080 of audio
2026-08-21 07:52:45,071 | INFO | faster_whisper | Processing audio with duration 00:01.040
2026-08-21 07:52:45,075 | INFO | faster_whisper | VAD filter removed 00:01.040 of audio
2026-08-21 07:52:46,803 | INFO | faster_whisper | Processing audio with duration 00:01.200
2026-08-21 07:52:46,806 | INFO | faster_whisper | VAD filter removed 00:01.200 of audio
2026-08-21 07:52:48,905 | INFO | whisper | Whisper microphone closed.
2026-08-21 07:52:48,905 | INFO | whisper | Whisper microphone closed.
2026-08-21 07:52:48,912 | INFO | assistant | Assistant stopped.
2026-08-21 07:54:45,021 | INFO | comtypes.client._code_cache | Imported existing <module 'comtypes.gen' from 'C:\\Users\\DELL\\OneDrive\\Desktop\\offline_voice_assistant\\.venv\\lib\\site-packages\\comtypes\\gen\\__init__.py'>
2026-08-21 07:54:45,022 | INFO | comtypes.client._code_cache | Using writeable comtypes cache directory: 'C:\Users\DELL\OneDrive\Desktop\offline_voice_assistant\.venv\lib\site-packages\comtypes\gen'
2026-08-21 07:54:45,318 | INFO | tts | Selected female voice: Microsoft Hazel Desktop - English (Great Britain)
2026-08-21 07:54:47,100 | INFO | httpx | HTTP Request: GET https://huggingface.co/api/models/Systran/faster-whisper-base.en/revision/main "HTTP/1.1 200 OK"
2026-08-21 07:54:53,144 | INFO | faster_whisper | Processing audio with duration 00:01.040
2026-08-21 07:54:53,379 | INFO | faster_whisper | VAD filter removed 00:01.040 of audio
2026-08-21 07:54:54,183 | INFO | faster_whisper | Processing audio with duration 00:01.040
2026-08-21 07:54:54,186 | INFO | faster_whisper | VAD filter removed 00:01.040 of audio
2026-08-21 07:54:57,804 | INFO | faster_whisper | Processing audio with duration 00:01.440
2026-08-21 07:54:57,809 | INFO | faster_whisper | VAD filter removed 00:01.440 of audio
2026-08-21 07:55:04,263 | INFO | faster_whisper | Processing audio with duration 00:02.880
2026-08-21 07:55:04,271 | INFO | faster_whisper | VAD filter removed 00:02.880 of audio
2026-08-21 07:55:05,413 | INFO | faster_whisper | Processing audio with duration 00:01.120
2026-08-21 07:55:05,418 | INFO | faster_whisper | VAD filter removed 00:00.000 of audio
2026-08-21 07:55:06,571 | INFO | assistant | Recognized speech: thank you.
2026-08-21 07:55:24,949 | WARNING | whisper | Audio status: input overflow
2026-08-21 07:55:28,977 | INFO | whisper | Microphone capture paused.
2026-08-21 07:55:28,978 | INFO | tts | Speaking: You're welcome! How can I help you today?
2026-08-21 07:55:35,408 | INFO | whisper | Microphone capture resumed.
2026-08-21 09:06:28,311 | INFO | comtypes.client._code_cache | Imported existing <module 'comtypes.gen' from 'C:\\Users\\DELL\\OneDrive\\Desktop\\offline_voice_assistant\\.venv\\lib\\site-packages\\comtypes\\gen\\__init__.py'>
2026-08-21 09:06:28,313 | INFO | comtypes.client._code_cache | Using writeable comtypes cache directory: 'C:\Users\DELL\OneDrive\Desktop\offline_voice_assistant\.venv\lib\site-packages\comtypes\gen'
2026-08-21 09:06:28,990 | INFO | tts | Selected female voice: Microsoft Hazel Desktop - English (Great Britain)
2026-08-21 09:06:30,799 | INFO | httpx | HTTP Request: GET https://huggingface.co/api/models/Systran/faster-whisper-base.en/revision/main "HTTP/1.1 200 OK"
2026-08-21 09:06:32,204 | ERROR | assistant | Startup failed
Traceback (most recent call last):
  File "C:\Users\DELL\OneDrive\Desktop\offline_voice_assistant\main.py", line 155, in main
    recognizer = WhisperSpeechRecognizer()
  File "C:\Users\DELL\OneDrive\Desktop\offline_voice_assistant\whisper_speech.py", line 68, in __init__
    self._calibrate_threshold()
  File "C:\Users\DELL\OneDrive\Desktop\offline_voice_assistant\whisper_speech.py", line 185, in _calibrate_threshold
    with sd.InputStream(
  File "C:\Users\DELL\OneDrive\Desktop\offline_voice_assistant\.venv\lib\site-packages\sounddevice.py", line 1457, in __init__
    _StreamBase.__init__(self, kind='input', wrap_callback='array',
  File "C:\Users\DELL\OneDrive\Desktop\offline_voice_assistant\.venv\lib\site-packages\sounddevice.py", line 914, in __init__
    _check(_lib.Pa_OpenStream(self._ptr, iparameters, oparameters,
  File "C:\Users\DELL\OneDrive\Desktop\offline_voice_assistant\.venv\lib\site-packages\sounddevice.py", line 2836, in _check
    raise PortAudioError(errormsg, err, hosterror_info)
sounddevice.PortAudioError: Error opening InputStream: Unanticipated host error [PaErrorCode -9999]: 'Undefined external error.' [MME error 1]
2026-08-21 09:06:54,088 | INFO | comtypes.client._code_cache | Imported existing <module 'comtypes.gen' from 'C:\\Users\\DELL\\OneDrive\\Desktop\\offline_voice_assistant\\.venv\\lib\\site-packages\\comtypes\\gen\\__init__.py'>
2026-08-21 09:06:54,089 | INFO | comtypes.client._code_cache | Using writeable comtypes cache directory: 'C:\Users\DELL\OneDrive\Desktop\offline_voice_assistant\.venv\lib\site-packages\comtypes\gen'
2026-08-21 09:06:54,345 | INFO | tts | Selected female voice: Microsoft Hazel Desktop - English (Great Britain)
2026-08-21 09:06:55,448 | INFO | httpx | HTTP Request: GET https://huggingface.co/api/models/Systran/faster-whisper-base.en/revision/main "HTTP/1.1 200 OK"
2026-08-21 09:07:01,004 | INFO | faster_whisper | Processing audio with duration 00:01.040
2026-08-21 09:07:01,326 | INFO | faster_whisper | VAD filter removed 00:01.040 of audio
2026-08-21 09:07:03,214 | INFO | faster_whisper | Processing audio with duration 00:02.000
2026-08-21 09:07:03,239 | INFO | faster_whisper | VAD filter removed 00:02.000 of audio
2026-08-21 09:07:04,137 | INFO | faster_whisper | Processing audio with duration 00:00.960
2026-08-21 09:07:04,141 | INFO | faster_whisper | VAD filter removed 00:00.960 of audio
2026-08-21 09:07:05,663 | INFO | faster_whisper | Processing audio with duration 00:01.520
2026-08-21 09:07:05,669 | INFO | faster_whisper | VAD filter removed 00:01.520 of audio
2026-08-21 09:07:07,805 | INFO | faster_whisper | Processing audio with duration 00:01.920
2026-08-21 09:07:07,810 | INFO | faster_whisper | VAD filter removed 00:01.920 of audio
2026-08-21 09:07:09,342 | INFO | faster_whisper | Processing audio with duration 00:01.040
2026-08-21 09:07:09,346 | INFO | faster_whisper | VAD filter removed 00:01.040 of audio
2026-08-21 09:07:10,858 | INFO | faster_whisper | Processing audio with duration 00:01.040
2026-08-21 09:07:10,861 | INFO | faster_whisper | VAD filter removed 00:01.040 of audio
2026-08-21 09:07:13,665 | INFO | faster_whisper | Processing audio with duration 00:02.320
2026-08-21 09:07:13,676 | INFO | faster_whisper | VAD filter removed 00:02.320 of audio
2026-08-21 09:07:16,159 | INFO | faster_whisper | Processing audio with duration 00:01.040
2026-08-21 09:07:16,164 | INFO | faster_whisper | VAD filter removed 00:01.040 of audio
2026-08-21 09:07:17,183 | INFO | faster_whisper | Processing audio with duration 00:01.040
2026-08-21 09:07:17,188 | INFO | faster_whisper | VAD filter removed 00:01.040 of audio
2026-08-21 09:07:20,630 | INFO | faster_whisper | Processing audio with duration 00:01.200
2026-08-21 09:07:20,635 | INFO | faster_whisper | VAD filter removed 00:01.200 of audio
2026-08-21 09:07:23,280 | INFO | faster_whisper | Processing audio with duration 00:02.640
2026-08-21 09:07:23,289 | INFO | faster_whisper | VAD filter removed 00:02.640 of audio
2026-08-21 09:07:24,152 | INFO | faster_whisper | Processing audio with duration 00:00.880
2026-08-21 09:07:24,158 | INFO | faster_whisper | VAD filter removed 00:00.880 of audio
2026-08-21 09:07:30,778 | INFO | faster_whisper | Processing audio with duration 00:01.040
2026-08-21 09:07:30,784 | INFO | faster_whisper | VAD filter removed 00:01.040 of audio
2026-08-21 09:07:34,309 | INFO | faster_whisper | Processing audio with duration 00:01.200
2026-08-21 09:07:34,313 | INFO | faster_whisper | VAD filter removed 00:00.000 of audio
2026-08-21 09:07:35,616 | INFO | assistant | Recognized speech: and
2026-08-21 09:28:43,814 | INFO | comtypes.client._code_cache | Imported existing <module 'comtypes.gen' from 'C:\\Users\\DELL\\OneDrive\\Desktop\\offline_voice_assistant\\.venv\\lib\\site-packages\\comtypes\\gen\\__init__.py'>
2026-08-21 09:28:43,816 | INFO | comtypes.client._code_cache | Using writeable comtypes cache directory: 'C:\Users\DELL\OneDrive\Desktop\offline_voice_assistant\.venv\lib\site-packages\comtypes\gen'
2026-08-21 09:28:44,273 | INFO | tts | Selected female voice: Microsoft Hazel Desktop - English (Great Britain)
2026-08-21 09:28:45,906 | INFO | httpx | HTTP Request: GET https://huggingface.co/api/models/Systran/faster-whisper-base.en/revision/main "HTTP/1.1 200 OK"
2026-08-21 09:28:51,522 | INFO | faster_whisper | Processing audio with duration 00:01.040
2026-08-21 09:28:51,771 | INFO | faster_whisper | VAD filter removed 00:01.040 of audio
2026-08-21 09:28:53,179 | INFO | whisper | Whisper microphone closed.
2026-08-21 09:28:53,180 | INFO | whisper | Whisper microphone closed.
2026-08-21 09:28:53,189 | INFO | assistant | Assistant stopped.
2026-08-21 09:36:08,007 | INFO | comtypes.client._code_cache | Imported existing <module 'comtypes.gen' from 'C:\\Users\\DELL\\OneDrive\\Desktop\\offline_voice_assistant\\.venv\\lib\\site-packages\\comtypes\\gen\\__init__.py'>
2026-08-21 09:36:08,009 | INFO | comtypes.client._code_cache | Using writeable comtypes cache directory: 'C:\Users\DELL\OneDrive\Desktop\offline_voice_assistant\.venv\lib\site-packages\comtypes\gen'
2026-08-21 09:36:08,403 | INFO | tts | Selected female voice: Microsoft Hazel Desktop - English (Great Britain)
2026-08-21 09:36:09,818 | INFO | httpx | HTTP Request: GET https://huggingface.co/api/models/Systran/faster-whisper-base.en/revision/main "HTTP/1.1 200 OK"
2026-08-21 09:36:14,554 | INFO | faster_whisper | Processing audio with duration 00:01.040
2026-08-21 09:36:14,817 | INFO | faster_whisper | VAD filter removed 00:01.040 of audio
2026-08-21 09:36:15,643 | INFO | faster_whisper | Processing audio with duration 00:01.120
2026-08-21 09:36:15,647 | INFO | faster_whisper | VAD filter removed 00:01.120 of audio
2026-08-21 09:36:20,860 | INFO | faster_whisper | Processing audio with duration 00:01.040
2026-08-21 09:36:20,865 | INFO | faster_whisper | VAD filter removed 00:01.040 of audio
2026-08-21 09:36:47,483 | INFO | faster_whisper | Processing audio with duration 00:01.520
2026-08-21 09:36:47,489 | INFO | faster_whisper | VAD filter removed 00:01.520 of audio
2026-08-21 09:36:53,072 | INFO | whisper | Whisper microphone closed.
2026-08-21 09:36:53,073 | INFO | whisper | Whisper microphone closed.
2026-08-21 09:36:53,081 | INFO | assistant | Assistant stopped.
2026-08-21 09:41:47,903 | INFO | comtypes.client._code_cache | Imported existing <module 'comtypes.gen' from 'C:\\Users\\DELL\\OneDrive\\Desktop\\offline_voice_assistant\\.venv\\lib\\site-packages\\comtypes\\gen\\__init__.py'>
2026-08-21 09:41:47,904 | INFO | comtypes.client._code_cache | Using writeable comtypes cache directory: 'C:\Users\DELL\OneDrive\Desktop\offline_voice_assistant\.venv\lib\site-packages\comtypes\gen'
2026-08-21 09:41:48,275 | INFO | tts | Selected female voice: Microsoft Hazel Desktop - English (Great Britain)
2026-08-21 09:41:49,456 | INFO | httpx | HTTP Request: GET https://huggingface.co/api/models/Systran/faster-whisper-base.en/revision/main "HTTP/1.1 200 OK"
2026-08-21 09:42:03,895 | INFO | faster_whisper | Processing audio with duration 00:01.280
2026-08-21 09:42:04,185 | INFO | faster_whisper | VAD filter removed 00:01.280 of audio
2026-08-21 09:42:05,402 | INFO | faster_whisper | Processing audio with duration 00:01.120
2026-08-21 09:42:05,410 | INFO | faster_whisper | VAD filter removed 00:01.120 of audio
2026-08-21 09:42:07,411 | INFO | faster_whisper | Processing audio with duration 00:01.200
2026-08-21 09:42:07,418 | INFO | faster_whisper | VAD filter removed 00:01.200 of audio
2026-08-21 09:42:08,614 | INFO | faster_whisper | Processing audio with duration 00:01.040
2026-08-21 09:42:08,619 | INFO | faster_whisper | VAD filter removed 00:01.040 of audio
2026-08-21 09:42:11,526 | INFO | whisper | Whisper microphone closed.
2026-08-21 09:42:11,527 | INFO | whisper | Whisper microphone closed.
2026-08-21 09:42:11,535 | INFO | assistant | Assistant stopped.
2026-08-21 09:43:54,185 | INFO | comtypes.client._code_cache | Imported existing <module 'comtypes.gen' from 'C:\\Users\\DELL\\OneDrive\\Desktop\\offline_voice_assistant\\.venv\\lib\\site-packages\\comtypes\\gen\\__init__.py'>
2026-08-21 09:43:54,186 | INFO | comtypes.client._code_cache | Using writeable comtypes cache directory: 'C:\Users\DELL\OneDrive\Desktop\offline_voice_assistant\.venv\lib\site-packages\comtypes\gen'
2026-08-21 09:43:54,426 | INFO | tts | Selected female voice: Microsoft Hazel Desktop - English (Great Britain)
2026-08-21 09:43:55,628 | INFO | httpx | HTTP Request: GET https://huggingface.co/api/models/Systran/faster-whisper-base.en/revision/main "HTTP/1.1 200 OK"
2026-08-21 09:44:01,437 | INFO | faster_whisper | Processing audio with duration 00:01.040
2026-08-21 09:44:01,506 | INFO | faster_whisper | VAD filter removed 00:01.040 of audio
2026-08-21 09:44:04,880 | INFO | faster_whisper | Processing audio with duration 00:01.040
2026-08-21 09:44:04,887 | INFO | faster_whisper | VAD filter removed 00:01.040 of audio
2026-08-21 09:44:07,995 | INFO | faster_whisper | Processing audio with duration 00:01.120
2026-08-21 09:44:08,000 | INFO | faster_whisper | VAD filter removed 00:01.120 of audio
2026-08-21 09:44:08,790 | INFO | faster_whisper | Processing audio with duration 00:00.800
2026-08-21 09:44:08,794 | INFO | faster_whisper | VAD filter removed 00:00.800 of audio
2026-08-21 09:44:12,228 | INFO | faster_whisper | Processing audio with duration 00:01.520
2026-08-21 09:44:12,235 | INFO | faster_whisper | VAD filter removed 00:01.520 of audio
2026-08-21 09:44:15,258 | INFO | faster_whisper | Processing audio with duration 00:01.040
2026-08-21 09:44:15,263 | INFO | faster_whisper | VAD filter removed 00:01.040 of audio
2026-08-21 09:44:21,842 | INFO | faster_whisper | Processing audio with duration 00:01.280
2026-08-21 09:44:21,848 | INFO | faster_whisper | VAD filter removed 00:01.280 of audio
2026-08-21 09:44:23,685 | INFO | faster_whisper | Processing audio with duration 00:01.680
2026-08-21 09:44:23,694 | INFO | faster_whisper | VAD filter removed 00:01.680 of audio
2026-08-21 09:44:27,370 | INFO | faster_whisper | Processing audio with duration 00:01.040
2026-08-21 09:44:27,377 | INFO | faster_whisper | VAD filter removed 00:01.040 of audio
2026-08-21 09:44:29,448 | INFO | faster_whisper | Processing audio with duration 00:01.040
2026-08-21 09:44:29,454 | INFO | faster_whisper | VAD filter removed 00:01.040 of audio
2026-08-21 09:44:31,838 | INFO | faster_whisper | Processing audio with duration 00:01.760
2026-08-21 09:44:31,846 | INFO | faster_whisper | VAD filter removed 00:01.760 of audio
2026-08-21 09:44:34,224 | INFO | faster_whisper | Processing audio with duration 00:01.040
2026-08-21 09:44:34,228 | INFO | faster_whisper | VAD filter removed 00:01.040 of audio
2026-08-21 09:44:38,124 | INFO | faster_whisper | Processing audio with duration 00:01.200
2026-08-21 09:44:38,127 | INFO | faster_whisper | VAD filter removed 00:01.200 of audio
2026-08-21 09:44:39,832 | INFO | faster_whisper | Processing audio with duration 00:01.280
2026-08-21 09:44:39,837 | INFO | faster_whisper | VAD filter removed 00:01.280 of audio
2026-08-21 09:44:46,788 | INFO | faster_whisper | Processing audio with duration 00:02.240
2026-08-21 09:44:46,793 | INFO | faster_whisper | VAD filter removed 00:02.240 of audio
2026-08-21 09:44:48,474 | INFO | faster_whisper | Processing audio with duration 00:01.680
2026-08-21 09:44:48,478 | INFO | faster_whisper | VAD filter removed 00:01.680 of audio
2026-08-21 09:44:49,760 | INFO | faster_whisper | Processing audio with duration 00:01.040
2026-08-21 09:44:49,766 | INFO | faster_whisper | VAD filter removed 00:01.040 of audio
2026-08-21 09:44:50,640 | INFO | faster_whisper | Processing audio with duration 00:00.880
2026-08-21 09:44:50,649 | INFO | faster_whisper | VAD filter removed 00:00.880 of audio
2026-08-21 09:44:55,440 | INFO | faster_whisper | Processing audio with duration 00:03.440
2026-08-21 09:44:55,457 | INFO | faster_whisper | VAD filter removed 00:03.440 of audio
2026-08-21 09:44:56,471 | INFO | faster_whisper | Processing audio with duration 00:01.040
2026-08-21 09:44:56,476 | INFO | faster_whisper | VAD filter removed 00:01.040 of audio
2026-08-21 09:44:57,285 | INFO | faster_whisper | Processing audio with duration 00:00.800
2026-08-21 09:44:57,290 | INFO | faster_whisper | VAD filter removed 00:00.800 of audio
2026-08-21 09:44:59,525 | INFO | faster_whisper | Processing audio with duration 00:01.840
2026-08-21 09:44:59,536 | INFO | faster_whisper | VAD filter removed 00:01.840 of audio
2026-08-21 09:45:01,585 | INFO | faster_whisper | Processing audio with duration 00:01.280
2026-08-21 09:45:01,589 | INFO | faster_whisper | VAD filter removed 00:01.280 of audio
2026-08-21 09:45:05,324 | INFO | faster_whisper | Processing audio with duration 00:03.520
2026-08-21 09:45:05,353 | INFO | faster_whisper | VAD filter removed 00:03.520 of audio
2026-08-21 09:45:08,393 | INFO | faster_whisper | Processing audio with duration 00:03.120
2026-08-21 09:45:08,405 | INFO | faster_whisper | VAD filter removed 00:03.120 of audio
2026-08-21 09:45:13,991 | INFO | faster_whisper | Processing audio with duration 00:01.440
2026-08-21 09:45:13,997 | INFO | faster_whisper | VAD filter removed 00:01.440 of audio
2026-08-21 09:45:16,776 | INFO | faster_whisper | Processing audio with duration 00:02.400
2026-08-21 09:45:16,782 | INFO | faster_whisper | VAD filter removed 00:02.400 of audio
2026-08-21 09:45:18,315 | INFO | faster_whisper | Processing audio with duration 00:01.440
2026-08-21 09:45:18,320 | INFO | faster_whisper | VAD filter removed 00:01.440 of audio
2026-08-21 09:45:19,274 | INFO | faster_whisper | Processing audio with duration 00:00.960
2026-08-21 09:45:19,280 | INFO | faster_whisper | VAD filter removed 00:00.960 of audio
2026-08-21 09:45:25,681 | INFO | faster_whisper | Processing audio with duration 00:05.680
2026-08-21 09:45:25,706 | INFO | faster_whisper | VAD filter removed 00:05.680 of audio
2026-08-21 09:45:29,662 | INFO | faster_whisper | Processing audio with duration 00:01.040
2026-08-21 09:45:29,668 | INFO | faster_whisper | VAD filter removed 00:01.040 of audio
2026-08-21 09:45:33,988 | INFO | faster_whisper | Processing audio with duration 00:01.280
2026-08-21 09:45:33,994 | INFO | faster_whisper | VAD filter removed 00:01.280 of audio
2026-08-21 09:45:36,216 | INFO | faster_whisper | Processing audio with duration 00:01.040
2026-08-21 09:45:36,221 | INFO | faster_whisper | VAD filter removed 00:01.040 of audio
2026-08-21 09:45:38,144 | INFO | faster_whisper | Processing audio with duration 00:01.680
2026-08-21 09:45:38,151 | INFO | faster_whisper | VAD filter removed 00:01.680 of audio
2026-08-21 09:45:39,026 | INFO | faster_whisper | Processing audio with duration 00:00.880
2026-08-21 09:45:39,031 | INFO | faster_whisper | VAD filter removed 00:00.880 of audio
2026-08-21 09:45:42,626 | INFO | faster_whisper | Processing audio with duration 00:02.400
2026-08-21 09:45:42,636 | INFO | faster_whisper | VAD filter removed 00:02.400 of audio
2026-08-21 09:45:47,667 | INFO | faster_whisper | Processing audio with duration 00:02.240
2026-08-21 09:45:47,676 | INFO | faster_whisper | VAD filter removed 00:02.240 of audio
2026-08-21 09:45:50,542 | INFO | faster_whisper | Processing audio with duration 00:02.480
2026-08-21 09:45:50,553 | INFO | faster_whisper | VAD filter removed 00:02.480 of audio
2026-08-21 09:45:53,673 | INFO | faster_whisper | Processing audio with duration 00:02.640
2026-08-21 09:45:53,682 | INFO | faster_whisper | VAD filter removed 00:02.640 of audio
2026-08-21 09:45:56,293 | INFO | faster_whisper | Processing audio with duration 00:02.400
2026-08-21 09:45:56,303 | INFO | faster_whisper | VAD filter removed 00:02.400 of audio
2026-08-21 09:45:59,025 | INFO | faster_whisper | Processing audio with duration 00:02.720
2026-08-21 09:45:59,037 | INFO | faster_whisper | VAD filter removed 00:01.776 of audio
2026-08-21 09:46:02,789 | INFO | assistant | Recognized speech: okay. okay. okay. okay. okay. okay. okay. okay. okay. okay. okay. okay. okay. okay. okay. okay. okay. okay. okay. okay. okay. okay. okay. okay. okay. okay. okay. okay.
2026-08-21 09:46:32,574 | INFO | whisper | Microphone capture paused.
2026-08-21 09:46:32,581 | INFO | tts | Speaking: I understand. Let's get started if you're ready. Just let me know when you're prepared to begin.
2026-08-21 09:46:44,736 | INFO | whisper | Microphone capture resumed.
2026-08-21 09:47:14,373 | INFO | faster_whisper | Processing audio with duration 00:01.040
2026-08-21 09:47:14,454 | WARNING | whisper | Audio status: input overflow
2026-08-21 09:47:14,521 | INFO | faster_whisper | VAD filter removed 00:01.040 of audio
2026-08-21 09:48:04,030 | INFO | faster_whisper | Processing audio with duration 00:01.040
2026-08-21 09:48:04,041 | WARNING | whisper | Audio status: input overflow
2026-08-21 09:48:04,197 | INFO | faster_whisper | VAD filter removed 00:00.000 of audio
2026-08-21 09:48:08,081 | INFO | assistant | Recognized speech: okay. okay. okay. okay. okay. okay. okay. okay. okay. okay. okay. okay. okay. okay. okay. okay. okay. okay. okay. okay. okay. okay. okay. okay.
2026-08-21 09:48:43,572 | INFO | whisper | Microphone capture paused.
2026-08-21 09:48:43,574 | INFO | tts | Speaking: Sure, let's proceed. What would you like to do?
2026-08-21 09:48:51,306 | INFO | whisper | Microphone capture resumed.
2026-08-21 09:48:52,677 | INFO | whisper | Whisper microphone closed.
2026-08-21 09:48:52,678 | INFO | whisper | Whisper microphone closed.
2026-08-21 09:48:52,696 | INFO | assistant | Assistant stopped.
2026-08-21 09:54:08,926 | INFO | comtypes.client._code_cache | Imported existing <module 'comtypes.gen' from 'C:\\Users\\DELL\\OneDrive\\Desktop\\offline_voice_assistant\\.venv\\lib\\site-packages\\comtypes\\gen\\__init__.py'>
2026-08-21 09:54:08,928 | INFO | comtypes.client._code_cache | Using writeable comtypes cache directory: 'C:\Users\DELL\OneDrive\Desktop\offline_voice_assistant\.venv\lib\site-packages\comtypes\gen'
2026-08-21 09:54:09,268 | INFO | tts | Selected female voice: Microsoft Hazel Desktop - English (Great Britain)
2026-08-21 09:54:10,662 | INFO | httpx | HTTP Request: GET https://huggingface.co/api/models/Systran/faster-whisper-base.en/revision/main "HTTP/1.1 200 OK"
2026-08-21 09:54:15,892 | INFO | faster_whisper | Processing audio with duration 00:01.120
2026-08-21 09:54:16,168 | INFO | faster_whisper | VAD filter removed 00:01.120 of audio
2026-08-21 09:54:19,270 | INFO | faster_whisper | Processing audio with duration 00:02.000
2026-08-21 09:54:19,282 | INFO | faster_whisper | VAD filter removed 00:00.000 of audio
2026-08-21 09:54:21,228 | INFO | assistant | Recognized speech: like me, oh my god.
2026-08-21 09:55:11,747 | INFO | whisper | Microphone capture paused.
2026-08-21 09:55:11,830 | INFO | tts | Speaking: I can relate, it can be tough sometimes. How can I assist you today?
2026-08-21 09:55:25,117 | INFO | whisper | Microphone capture resumed.
2026-08-21 09:55:28,210 | INFO | faster_whisper | Processing audio with duration 00:01.200
2026-08-21 09:55:28,337 | WARNING | whisper | Audio status: input overflow
2026-08-21 09:55:28,403 | INFO | faster_whisper | VAD filter removed 00:00.000 of audio
2026-08-21 09:55:35,838 | INFO | assistant | Recognized speech: i mean
2026-08-21 09:55:46,057 | WARNING | whisper | Audio status: input overflow
2026-08-21 09:55:49,029 | INFO | whisper | Microphone capture paused.
2026-08-21 09:55:49,029 | INFO | tts | Speaking: I see, go on. How can I help you?
2026-08-21 09:56:03,309 | INFO | whisper | Microphone capture resumed.
